DriverNumber,BroadcastName,Abbreviation,DriverId,TeamName,TeamColor,TeamId,FirstName,LastName,FullName,HeadshotUrl,CountryCode,Position,ClassifiedPosition,GridPosition,Q1,Q2,Q3,Time,Status,Points,RoundNumber
4,L NORRIS,NOR,norris,McLaren,FF8000,mclaren,Lando,Norris,Lando Norris,https://media.formula1.com/d_driver_fallback_image.png/content/dam/fom-website/drivers/L/LANNOR01_Lando_Norris/lannor01.png.transform/1col/image.png,,1.0,,,0 days 00:01:15.912000,0 days 00:01:15.415000,0 days 00:01:15.096000,,,,1
81,O PIASTRI,PIA,piastri,McLaren,FF8000,mclaren,Oscar,Piastri,Oscar Piastri,https://media.formula1.com/d_driver_fallback_image.png/content/dam/fom-website/drivers/O/OSCPIA01_Oscar_Piastri/oscpia01.png.transform/1col/image.png,,2.0,,,0 days 00:01:16.062000,0 days 00:01:15.468000,0 days 00:01:15.180000,,,,1
1,M VERSTAPPEN,VER,max_verstappen,Red Bull Racing,3671C6,red_bull,Max,Verstappen,Max Verstappen,https://media.formula1.com/d_driver_fallback_image.png/content/dam/fom-website/drivers/M/MAXVER01_Max_Verstappen/maxver01.png.transform/1col/image.png,,3.0,,,0 days 00:01:16.018000,0 days 00:01:15.565000,0 days 00:01:15.481000,,,,1
63,G RUSSELL,RUS,russell,Mercedes,27F4D2,mercedes,George,Russell,George Russell,https://media.formula1.com/d_driver_fallback_image.png/content/dam/fom-website/drivers/G/GEORUS01_George_Russell/georus01.png.transform/1col/image.png,,4.0,,,0 days 00:01:15.971000,0 days 00:01:15.798000,0 days 00:01:15.546000,,,,1
22,Y TSUNODA,TSU,tsunoda,Racing Bulls,6692FF,rb,Yuki,Tsunoda,Yuki Tsunoda,https://media.formula1.com/d_driver_fallback_image.png/content/dam/fom-website/drivers/Y/YUKTSU01_Yuki_Tsunoda/yuktsu01.png.transform/1col/image.png,,5.0,,,0 days 00:01:16.225000,0 days 00:01:16.009000,0 days 00:01:15.670000,,,,1
23,A ALBON,ALB,albon,Williams,64C4FF,williams,Alexander,Albon,Alexander Albon,https://media.formula1.com/d_driver_fallback_image.png/content/dam/fom-website/drivers/A/ALEALB01_Alexander_Albon/alealb01.png.transform/1col/image.png,,6.0,,,0 days 00:01:16.245000,0 days 00:01:16.017000,0 days 00:01:15.737000,,,,1
16,C LECLERC,LEC,leclerc,Ferrari,E80020,ferrari,Charles,Leclerc,Charles Leclerc,https://media.formula1.com/d_driver_fallback_image.png/content/dam/fom-website/drivers/C/CHALEC01_Charles_Leclerc/chalec01.png.transform/1col/image.png,,7.0,,,0 days 00:01:16.029000,0 days 00:01:15.827000,0 days 00:01:15.755000,,,,1
44,L HAMILTON,HAM,hamilton,Ferrari,E80020,ferrari,Lewis,Hamilton,Lewis Hamilton,https://media.formula1.com/d_driver_fallback_image.png/content/dam/fom-website/drivers/L/LEWHAM01_Lewis_Hamilton/lewham01.png.transform/1col/image.png,,8.0,,,0 days 00:01:16.213000,0 days 00:01:15.919000,0 days 00:01:15.973000,,,,1
10,P GASLY,GAS,gasly,Alpine,0093CC,alpine,Pierre,Gasly,Pierre Gasly,https://media.formula1.com/d_driver_fallback_image.png/content/dam/fom-website/drivers/P/PIEGAS01_Pierre_Gasly/piegas01.png.transform/1col/image.png,,9.0,,,0 days 00:01:16.328000,0 days 00:01:16.112000,0 days 00:01:15.980000,,,,1
55,C SAINZ,SAI,sainz,Williams,64C4FF,williams,Carlos,Sainz,Carlos Sainz,https://media.formula1.com/d_driver_fallback_image.png/content/dam/fom-website/drivers/C/CARSAI01_Carlos_Sainz/carsai01.png.transform/1col/image.png,,10.0,,,0 days 00:01:16.360000,0 days 00:01:15.931000,0 days 00:01:16.062000,,,,1
6,I HADJAR,HAD,hadjar,Racing Bulls,6692FF,rb,Isack,Hadjar,Isack Hadjar,https://media.formula1.com/d_driver_fallback_image.png/content/dam/fom-website/drivers/I/ISAHAD01_Isack_Hadjar/isahad01.png.transform/1col/image.png,,11.0,,,0 days 00:01:16.354000,0 days 00:01:16.175000,,,,,1
14,F ALONSO,ALO,alonso,Aston Martin,229971,aston_martin,Fernando,Alonso,Fernando Alonso,https://media.formula1.com/d_driver_fallback_image.png/content/dam/fom-website/drivers/F/FERALO01_Fernando_Alonso/feralo01.png.transform/1col/image.png,,12.0,,,0 days 00:01:16.288000,0 days 00:01:16.453000,,,,,1
18,L STROLL,STR,stroll,Aston Martin,229971,aston_martin,Lance,Stroll,Lance Stroll,https://media.formula1.com/d_driver_fallback_image.png/content/dam/fom-website/drivers/L/LANSTR01_Lance_Stroll/lanstr01.png.transform/1col/image.png,,13.0,,,0 days 00:01:16.369000,0 days 00:01:16.483000,,,,,1
7,J DOOHAN,DOO,doohan,Alpine,0093CC,alpine,Jack,Doohan,Jack Doohan,https://media.formula1.com/d_driver_fallback_image.png/content/dam/fom-website/drivers/J/JACDOO01_Jack_Doohan/jacdoo01.png.transform/1col/image.png,,14.0,,,0 days 00:01:16.315000,0 days 00:01:16.863000,,,,,1
5,G BORTOLETO,BOR,bortoleto,Kick Sauber,52E252,sauber,Gabriel,Bortoleto,Gabriel Bortoleto,https://media.formula1.com/d_driver_fallback_image.png/content/dam/fom-website/drivers/G/GABBOR01_Gabriel_Bortoleto/gabbor01.png.transform/1col/image.png,,15.0,,,0 days 00:01:16.516000,0 days 00:01:17.520000,,,,,1
12,A ANTONELLI,ANT,antonelli,Mercedes,27F4D2,mercedes,Andrea Kimi,Antonelli,Andrea Kimi Antonelli,https://media.formula1.com/d_driver_fallback_image.png/content/dam/fom-website/drivers/A/ANDANT01_Andrea%20Kimi_Antonelli/andant01.png.transform/1col/image.png,,16.0,,,0 days 00:01:16.525000,,,,,,1
27,N HULKENBERG,HUL,hulkenberg,Kick Sauber,52E252,sauber,Nico,Hulkenberg,Nico Hulkenberg,https://media.formula1.com/d_driver_fallback_image.png/content/dam/fom-website/drivers/N/NICHUL01_Nico_Hulkenberg/nichul01.png.transform/1col/image.png,,17.0,,,0 days 00:01:16.579000,,,,,,1
30,L LAWSON,LAW,lawson,Red Bull Racing,3671C6,red_bull,Liam,Lawson,Liam Lawson,https://media.formula1.com/d_driver_fallback_image.png/content/dam/fom-website/drivers/L/LIALAW01_Liam_Lawson/lialaw01.png.transform/1col/image.png,,18.0,,,0 days 00:01:17.094000,,,,,,1
31,E OCON,OCO,ocon,Haas F1 Team,B6BABD,haas,Esteban,Ocon,Esteban Ocon,https://media.formula1.com/d_driver_fallback_image.png/content/dam/fom-website/drivers/E/ESTOCO01_Esteban_Ocon/estoco01.png.transform/1col/image.png,,19.0,,,0 days 00:01:17.147000,,,,,,1
87,O BEARMAN,BEA,bearman,Haas F1 Team,B6BABD,haas,Oliver,Bearman,Oliver Bearman,https://media.formula1.com/d_driver_fallback_image.png/content/dam/fom-website/drivers/O/OLIBEA01_Oliver_Bearman/olibea01.png.transform/1col/image.png,,20.0,,,,,,,,,1
81,O PIASTRI,PIA,piastri,McLaren,FF8000,mclaren,Oscar,Piastri,Oscar Piastri,https://media.formula1.com/d_driver_fallback_image.png/content/dam/fom-website/drivers/O/OSCPIA01_Oscar_Piastri/oscpia01.png.transform/1col/image.png,,1.0,,,0 days 00:01:31.591000,0 days 00:01:31.200000,0 days 00:01:30.641000,,,,2
63,G RUSSELL,RUS,russell,Mercedes,27F4D2,mercedes,George,Russell,George Russell,https://media.formula1.com/d_driver_fallback_image.png/content/dam/fom-website/drivers/G/GEORUS01_George_Russell/georus01.png.transform/1col/image.png,,2.0,,,0 days 00:01:31.295000,0 days 00:01:31.307000,0 days 00:01:30.723000,,,,2
4,L NORRIS,NOR,norris,McLaren,FF8000,mclaren,Lando,Norris,Lando Norris,https://media.formula1.com/d_driver_fallback_image.png/content/dam/fom-website/drivers/L/LANNOR01_Lando_Norris/lannor01.png.transform/1col/image.png,,3.0,,,0 days 00:01:30.983000,0 days 00:01:30.787000,0 days 00:01:30.793000,,,,2
1,M VERSTAPPEN,VER,max_verstappen,Red Bull Racing,3671C6,red_bull,Max,Verstappen,Max Verstappen,https://media.formula1.com/d_driver_fallback_image.png/content/dam/fom-website/drivers/M/MAXVER01_Max_Verstappen/maxver01.png.transform/1col/image.png,,4.0,,,0 days 00:01:31.424000,0 days 00:01:31.142000,0 days 00:01:30.817000,,,,2
44,L HAMILTON,HAM,hamilton,Ferrari,E80020,ferrari,Lewis,Hamilton,Lewis Hamilton,https://media.formula1.com/d_driver_fallback_image.png/content/dam/fom-website/drivers/L/LEWHAM01_Lewis_Hamilton/lewham01.png.transform/1col/image.png,,5.0,,,0 days 00:01:31.690000,0 days 00:01:31.501000,0 days 00:01:30.927000,,,,2
16,C LECLERC,LEC,leclerc,Ferrari,E80020,ferrari,Charles,Leclerc,Charles Leclerc,https://media.formula1.com/d_driver_fallback_image.png/content/dam/fom-website/drivers/C/CHALEC01_Charles_Leclerc/chalec01.png.transform/1col/image.png,,6.0,,,0 days 00:01:31.579000,0 days 00:01:31.450000,0 days 00:01:31.021000,,,,2
6,I HADJAR,HAD,hadjar,Racing Bulls,6692FF,rb,Isack,Hadjar,Isack Hadjar,https://media.formula1.com/d_driver_fallback_image.png/content/dam/fom-website/drivers/I/ISAHAD01_Isack_Hadjar/isahad01.png.transform/1col/image.png,,7.0,,,0 days 00:01:31.162000,0 days 00:01:31.253000,0 days 00:01:31.079000,,,,2
12,K ANTONELLI,ANT,antonelli,Mercedes,27F4D2,mercedes,Andrea Kimi,Antonelli,Andrea Kimi Antonelli,https://media.formula1.com/d_driver_fallback_image.png/content/dam/fom-website/drivers/A/ANDANT01_Andrea%20Kimi_Antonelli/andant01.png.transform/1col/image.png,,8.0,,,0 days 00:01:31.676000,0 days 00:01:31.590000,0 days 00:01:31.103000,,,,2
22,Y TSUNODA,TSU,tsunoda,Racing Bulls,6692FF,rb,Yuki,Tsunoda,Yuki Tsunoda,https://media.formula1.com/d_driver_fallback_image.png/content/dam/fom-website/drivers/Y/YUKTSU01_Yuki_Tsunoda/yuktsu01.png.transform/1col/image.png,,9.0,,,0 days 00:01:31.238000,0 days 00:01:31.260000,0 days 00:01:31.638000,,,,2
23,A ALBON,ALB,albon,Williams,64C4FF,williams,Alexander,Albon,Alexander Albon,https://media.formula1.com/d_driver_fallback_image.png/content/dam/fom-website/drivers/A/ALEALB01_Alexander_Albon/alealb01.png.transform/1col/image.png,,10.0,,,0 days 00:01:31.503000,0 days 00:01:31.595000,0 days 00:01:31.706000,,,,2
31,E OCON,OCO,ocon,Haas F1 Team,B6BABD,haas,Esteban,Ocon,Esteban Ocon,https://media.formula1.com/d_driver_fallback_image.png/content/dam/fom-website/drivers/E/ESTOCO01_Esteban_Ocon/estoco01.png.transform/1col/image.png,,11.0,,,0 days 00:01:31.876000,0 days 00:01:31.625000,,,,,2
27,N HULKENBERG,HUL,hulkenberg,Kick Sauber,52E252,sauber,Nico,Hulkenberg,Nico Hulkenberg,https://media.formula1.com/d_driver_fallback_image.png/content/dam/fom-website/drivers/N/NICHUL01_Nico_Hulkenberg/nichul01.png.transform/1col/image.png,,12.0,,,0 days 00:01:31.921000,0 days 00:01:31.632000,,,,,2
14,F ALONSO,ALO,alonso,Aston Martin,229971,aston_martin,Fernando,Alonso,Fernando Alonso,https://media.formula1.com/d_driver_fallback_image.png/content/dam/fom-website/drivers/F/FERALO01_Fernando_Alonso/feralo01.png.transform/1col/image.png,,13.0,,,0 days 00:01:31.719000,0 days 00:01:31.688000,,,,,2
18,L STROLL,STR,stroll,Aston Martin,229971,aston_martin,Lance,Stroll,Lance Stroll,https://media.formula1.com/d_driver_fallback_image.png/content/dam/fom-website/drivers/L/LANSTR01_Lance_Stroll/lanstr01.png.transform/1col/image.png,,14.0,,,0 days 00:01:31.923000,0 days 00:01:31.773000,,,,,2
55,C SAINZ,SAI,sainz,Williams,64C4FF,williams,Carlos,Sainz,Carlos Sainz,https://media.formula1.com/d_driver_fallback_image.png/content/dam/fom-website/drivers/C/CARSAI01_Carlos_Sainz/carsai01.png.transform/1col/image.png,,15.0,,,0 days 00:01:31.628000,0 days 00:01:31.840000,,,,,2
10,P GASLY,GAS,gasly,Alpine,0093CC,alpine,Pierre,Gasly,Pierre Gasly,https://media.formula1.com/d_driver_fallback_image.png/content/dam/fom-website/drivers/P/PIEGAS01_Pierre_Gasly/piegas01.png.transform/1col/image.png,,16.0,,,0 days 00:01:31.992000,,,,,,2
87,O BEARMAN,BEA,bearman,Haas F1 Team,B6BABD,haas,Oliver,Bearman,Oliver Bearman,https://media.formula1.com/d_driver_fallback_image.png/content/dam/fom-website/drivers/O/OLIBEA01_Oliver_Bearman/olibea01.png.transform/1col/image.png,,17.0,,,0 days 00:01:32.018000,,,,,,2
7,J DOOHAN,DOO,doohan,Alpine,0093CC,alpine,Jack,Doohan,Jack Doohan,https://media.formula1.com/d_driver_fallback_image.png/content/dam/fom-website/drivers/J/JACDOO01_Jack_Doohan/jacdoo01.png.transform/1col/image.png,,18.0,,,0 days 00:01:32.092000,,,,,,2
5,G BORTOLETO,BOR,bortoleto,Kick Sauber,52E252,sauber,Gabriel,Bortoleto,Gabriel Bortoleto,https://media.formula1.com/d_driver_fallback_image.png/content/dam/fom-website/drivers/G/GABBOR01_Gabriel_Bortoleto/gabbor01.png.transform/1col/image.png,,19.0,,,0 days 00:01:32.141000,,,,,,2
30,L LAWSON,LAW,lawson,Red Bull Racing,3671C6,red_bull,Liam,Lawson,Liam Lawson,https://media.formula1.com/d_driver_fallback_image.png/content/dam/fom-website/drivers/L/LIALAW01_Liam_Lawson/lialaw01.png.transform/1col/image.png,,20.0,,,0 days 00:01:32.174000,,,,,,2
1,M VERSTAPPEN,VER,max_verstappen,Red Bull Racing,3671C6,red_bull,Max,Verstappen,Max Verstappen,https://media.formula1.com/d_driver_fallback_image.png/content/dam/fom-website/drivers/M/MAXVER01_Max_Verstappen/maxver01.png.transform/1col/image.png,,1.0,,,0 days 00:01:27.943000,0 days 00:01:27.502000,0 days 00:01:26.983000,,,,3
4,L NORRIS,NOR,norris,McLaren,FF8000,mclaren,Lando,Norris,Lando Norris,https://media.formula1.com/d_driver_fallback_image.png/content/dam/fom-website/drivers/L/LANNOR01_Lando_Norris/lannor01.png.transform/1col/image.png,,2.0,,,0 days 00:01:27.845000,0 days 00:01:27.146000,0 days 00:01:26.995000,,,,3
81,O PIASTRI,PIA,piastri,McLaren,FF8000,mclaren,Oscar,Piastri,Oscar Piastri,https://media.formula1.com/d_driver_fallback_image.png/content/dam/fom-website/drivers/O/OSCPIA01_Oscar_Piastri/oscpia01.png.transform/1col/image.png,,3.0,,,0 days 00:01:27.687000,0 days 00:01:27.507000,0 days 00:01:27.027000,,,,3
16,C LECLERC,LEC,leclerc,Ferrari,E80020,ferrari,Charles,Leclerc,Charles Leclerc,https://media.formula1.com/d_driver_fallback_image.png/content/dam/fom-website/drivers/C/CHALEC01_Charles_Leclerc/chalec01.png.transform/1col/image.png,,4.0,,,0 days 00:01:27.920000,0 days 00:01:27.555000,0 days 00:01:27.299000,,,,3
63,G RUSSELL,RUS,russell,Mercedes,27F4D2,mercedes,George,Russell,George Russell,https://media.formula1.com/d_driver_fallback_image.png/content/dam/fom-website/drivers/G/GEORUS01_George_Russell/georus01.png.transform/1col/image.png,,5.0,,,0 days 00:01:27.843000,0 days 00:01:27.400000,0 days 00:01:27.318000,,,,3
12,K ANTONELLI,ANT,antonelli,Mercedes,27F4D2,mercedes,Kimi,Antonelli,Kimi Antonelli,https://media.formula1.com/d_driver_fallback_image.png/content/dam/fom-website/drivers/A/ANDANT01_Andrea%20Kimi_Antonelli/andant01.png.transform/1col/image.png,,6.0,,,0 days 00:01:27.968000,0 days 00:01:27.639000,0 days 00:01:27.555000,,,,3
6,I HADJAR,HAD,hadjar,Racing Bulls,6692FF,rb,Isack,Hadjar,Isack Hadjar,https://media.formula1.com/d_driver_fallback_image.png/content/dam/fom-website/drivers/I/ISAHAD01_Isack_Hadjar/isahad01.png.transform/1col/image.png,,7.0,,,0 days 00:01:28.278000,0 days 00:01:27.775000,0 days 00:01:27.569000,,,,3
44,L HAMILTON,HAM,hamilton,Ferrari,E80020,ferrari,Lewis,Hamilton,Lewis Hamilton,https://media.formula1.com/d_driver_fallback_image.png/content/dam/fom-website/drivers/L/LEWHAM01_Lewis_Hamilton/lewham01.png.transform/1col/image.png,,8.0,,,0 days 00:01:27.942000,0 days 00:01:27.610000,0 days 00:01:27.610000,,,,3
23,A ALBON,ALB,albon,Williams,64C4FF,williams,Alexander,Albon,Alexander Albon,https://media.formula1.com/d_driver_fallback_image.png/content/dam/fom-website/drivers/A/ALEALB01_Alexander_Albon/alealb01.png.transform/1col/image.png,,9.0,,,0 days 00:01:28.218000,0 days 00:01:27.783000,0 days 00:01:27.615000,,,,3
87,O BEARMAN,BEA,bearman,Haas F1 Team,B6BABD,haas,Oliver,Bearman,Oliver Bearman,https://media.formula1.com/d_driver_fallback_image.png/content/dam/fom-website/drivers/O/OLIBEA01_Oliver_Bearman/olibea01.png.transform/1col/image.png,,10.0,,,0 days 00:01:28.228000,0 days 00:01:27.711000,0 days 00:01:27.867000,,,,3
10,P GASLY,GAS,gasly,Alpine,0093CC,alpine,Pierre,Gasly,Pierre Gasly,https://media.formula1.com/d_driver_fallback_image.png/content/dam/fom-website/drivers/P/PIEGAS01_Pierre_Gasly/piegas01.png.transform/1col/image.png,,11.0,,,0 days 00:01:28.186000,0 days 00:01:27.822000,,,,,3
55,C SAINZ,SAI,sainz,Williams,64C4FF,williams,Carlos,Sainz,Carlos Sainz,https://media.formula1.com/d_driver_fallback_image.png/content/dam/fom-website/drivers/C/CARSAI01_Carlos_Sainz/carsai01.png.transform/1col/image.png,,12.0,,,0 days 00:01:28.209000,0 days 00:01:27.836000,,,,,3
14,F ALONSO,ALO,alonso,Aston Martin,229971,aston_martin,Fernando,Alonso,Fernando Alonso,https://media.formula1.com/d_driver_fallback_image.png/content/dam/fom-website/drivers/F/FERALO01_Fernando_Alonso/feralo01.png.transform/1col/image.png,,13.0,,,0 days 00:01:28.337000,0 days 00:01:27.897000,,,,,3
30,L LAWSON,LAW,lawson,Racing Bulls,6692FF,rb,Liam,Lawson,Liam Lawson,https://media.formula1.com/d_driver_fallback_image.png/content/dam/fom-website/drivers/L/LIALAW01_Liam_Lawson/lialaw01.png.transform/1col/image.png,,14.0,,,0 days 00:01:28.554000,0 days 00:01:27.906000,,,,,3
22,Y TSUNODA,TSU,tsunoda,Red Bull Racing,3671C6,red_bull,Yuki,Tsunoda,Yuki Tsunoda,https://media.formula1.com/d_driver_fallback_image.png/content/dam/fom-website/drivers/Y/YUKTSU01_Yuki_Tsunoda/yuktsu01.png.transform/1col/image.png,,15.0,,,0 days 00:01:27.967000,0 days 00:01:28,,,,,3
27,N HULKENBERG,HUL,hulkenberg,Kick Sauber,52E252,sauber,Nico,Hulkenberg,Nico Hulkenberg,https://media.formula1.com/d_driver_fallback_image.png/content/dam/fom-website/drivers/N/NICHUL01_Nico_Hulkenberg/nichul01.png.transform/1col/image.png,,16.0,,,0 days 00:01:28.570000,,,,,,3
5,G BORTOLETO,BOR,bortoleto,Kick Sauber,52E252,sauber,Gabriel,Bortoleto,Gabriel Bortoleto,https://media.formula1.com/d_driver_fallback_image.png/content/dam/fom-website/drivers/G/GABBOR01_Gabriel_Bortoleto/gabbor01.png.transform/1col/image.png,,17.0,,,0 days 00:01:28.622000,,,,,,3
31,E OCON,OCO,ocon,Haas F1 Team,B6BABD,haas,Esteban,Ocon,Esteban Ocon,https://media.formula1.com/d_driver_fallback_image.png/content/dam/fom-website/drivers/E/ESTOCO01_Esteban_Ocon/estoco01.png.transform/1col/image.png,,18.0,,,0 days 00:01:28.696000,,,,,,3
7,J DOOHAN,DOO,doohan,Alpine,0093CC,alpine,Jack,Doohan,Jack Doohan,https://media.formula1.com/d_driver_fallback_image.png/content/dam/fom-website/drivers/J/JACDOO01_Jack_Doohan/jacdoo01.png.transform/1col/image.png,,19.0,,,0 days 00:01:28.877000,,,,,,3
18,L STROLL,STR,stroll,Aston Martin,229971,aston_martin,Lance,Stroll,Lance Stroll,https://media.formula1.com/d_driver_fallback_image.png/content/dam/fom-website/drivers/L/LANSTR01_Lance_Stroll/lanstr01.png.transform/1col/image.png,,20.0,,,0 days 00:01:29.271000,,,,,,3
81,O PIASTRI,PIA,piastri,McLaren,FF8000,mclaren,Oscar,Piastri,Oscar Piastri,https://media.formula1.com/d_driver_fallback_image.png/content/dam/fom-website/drivers/O/OSCPIA01_Oscar_Piastri/oscpia01.png.transform/1col/image.png,,1.0,,,0 days 00:01:31.392000,0 days 00:01:30.454000,0 days 00:01:29.841000,,,,4
63,G RUSSELL,RUS,russell,Mercedes,27F4D2,mercedes,George,Russell,George Russell,https://media.formula1.com/d_driver_fallback_image.png/content/dam/fom-website/drivers/G/GEORUS01_George_Russell/georus01.png.transform/1col/image.png,,2.0,,,0 days 00:01:31.494000,0 days 00:01:30.664000,0 days 00:01:30.009000,,,,4
16,C LECLERC,LEC,leclerc,Ferrari,E80020,ferrari,Charles,Leclerc,Charles Leclerc,https://media.formula1.com/d_driver_fallback_image.png/content/dam/fom-website/drivers/C/CHALEC01_Charles_Leclerc/chalec01.png.transform/1col/image.png,,3.0,,,0 days 00:01:31.454000,0 days 00:01:30.724000,0 days 00:01:30.175000,,,,4
12,K ANTONELLI,ANT,antonelli,Mercedes,27F4D2,mercedes,Kimi,Antonelli,Kimi Antonelli,https://media.formula1.com/d_driver_fallback_image.png/content/dam/fom-website/drivers/A/ANDANT01_Andrea%20Kimi_Antonelli/andant01.png.transform/1col/image.png,,4.0,,,0 days 00:01:31.415000,0 days 00:01:30.716000,0 days 00:01:30.213000,,,,4
10,P GASLY,GAS,gasly,Alpine,0093CC,alpine,Pierre,Gasly,Pierre Gasly,https://media.formula1.com/d_driver_fallback_image.png/content/dam/fom-website/drivers/P/PIEGAS01_Pierre_Gasly/piegas01.png.transform/1col/image.png,,5.0,,,0 days 00:01:31.462000,0 days 00:01:30.643000,0 days 00:01:30.216000,,,,4
4,L NORRIS,NOR,norris,McLaren,FF8000,mclaren,Lando,Norris,Lando Norris,https://media.formula1.com/d_driver_fallback_image.png/content/dam/fom-website/drivers/L/LANNOR01_Lando_Norris/lannor01.png.transform/1col/image.png,,6.0,,,0 days 00:01:31.107000,0 days 00:01:30.560000,0 days 00:01:30.267000,,,,4
1,M VERSTAPPEN,VER,max_verstappen,Red Bull Racing,3671C6,red_bull,Max,Verstappen,Max Verstappen,https://media.formula1.com/d_driver_fallback_image.png/content/dam/fom-website/drivers/M/MAXVER01_Max_Verstappen/maxver01.png.transform/1col/image.png,,7.0,,,0 days 00:01:31.303000,0 days 00:01:31.019000,0 days 00:01:30.423000,,,,4
55,C SAINZ,SAI,sainz,Williams,64C4FF,williams,Carlos,Sainz,Carlos Sainz,https://media.formula1.com/d_driver_fallback_image.png/content/dam/fom-website/drivers/C/CARSAI01_Carlos_Sainz/carsai01.png.transform/1col/image.png,,8.0,,,0 days 00:01:31.591000,0 days 00:01:30.844000,0 days 00:01:30.680000,,,,4
44,L HAMILTON,HAM,hamilton,Ferrari,E80020,ferrari,Lewis,Hamilton,Lewis Hamilton,https://media.formula1.com/d_driver_fallback_image.png/content/dam/fom-website/drivers/L/LEWHAM01_Lewis_Hamilton/lewham01.png.transform/1col/image.png,,9.0,,,0 days 00:01:31.219000,0 days 00:01:31.009000,0 days 00:01:30.772000,,,,4
22,Y TSUNODA,TSU,tsunoda,Red Bull Racing,3671C6,red_bull,Yuki,Tsunoda,Yuki Tsunoda,https://media.formula1.com/d_driver_fallback_image.png/content/dam/fom-website/drivers/Y/YUKTSU01_Yuki_Tsunoda/yuktsu01.png.transform/1col/image.png,,10.0,,,0 days 00:01:31.751000,0 days 00:01:31.228000,0 days 00:01:31.303000,,,,4
7,J DOOHAN,DOO,doohan,Alpine,0093CC,alpine,Jack,Doohan,Jack Doohan,https://media.formula1.com/d_driver_fallback_image.png/content/dam/fom-website/drivers/J/JACDOO01_Jack_Doohan/jacdoo01.png.transform/1col/image.png,,11.0,,,0 days 00:01:31.414000,0 days 00:01:31.245000,,,,,4
6,I HADJAR,HAD,hadjar,Racing Bulls,6692FF,rb,Isack,Hadjar,Isack Hadjar,https://media.formula1.com/d_driver_fallback_image.png/content/dam/fom-website/drivers/I/ISAHAD01_Isack_Hadjar/isahad01.png.transform/1col/image.png,,12.0,,,0 days 00:01:31.591000,0 days 00:01:31.271000,,,,,4
14,F ALONSO,ALO,alonso,Aston Martin,229971,aston_martin,Fernando,Alonso,Fernando Alonso,https://media.formula1.com/d_driver_fallback_image.png/content/dam/fom-website/drivers/F/FERALO01_Fernando_Alonso/feralo01.png.transform/1col/image.png,,13.0,,,0 days 00:01:31.634000,0 days 00:01:31.886000,,,,,4
31,E OCON,OCO,ocon,Haas F1 Team,B6BABD,haas,Esteban,Ocon,Esteban Ocon,https://media.formula1.com/d_driver_fallback_image.png/content/dam/fom-website/drivers/E/ESTOCO01_Esteban_Ocon/estoco01.png.transform/1col/image.png,,14.0,,,0 days 00:01:31.594000,,,,,,4
23,A ALBON,ALB,albon,Williams,64C4FF,williams,Alexander,Albon,Alexander Albon,https://media.formula1.com/d_driver_fallback_image.png/content/dam/fom-website/drivers/A/ALEALB01_Alexander_Albon/alealb01.png.transform/1col/image.png,,15.0,,,0 days 00:01:32.040000,,,,,,4
27,N HULKENBERG,HUL,hulkenberg,Kick Sauber,52E252,sauber,Nico,Hulkenberg,Nico Hulkenberg,https://media.formula1.com/d_driver_fallback_image.png/content/dam/fom-website/drivers/N/NICHUL01_Nico_Hulkenberg/nichul01.png.transform/1col/image.png,,16.0,,,0 days 00:01:32.067000,,,,,,4
30,L LAWSON,LAW,lawson,Racing Bulls,6692FF,rb,Liam,Lawson,Liam Lawson,https://media.formula1.com/d_driver_fallback_image.png/content/dam/fom-website/drivers/L/LIALAW01_Liam_Lawson/lialaw01.png.transform/1col/image.png,,17.0,,,0 days 00:01:32.165000,,,,,,4
5,G BORTOLETO,BOR,bortoleto,Kick Sauber,52E252,sauber,Gabriel,Bortoleto,Gabriel Bortoleto,https://media.formula1.com/d_driver_fallback_image.png/content/dam/fom-website/drivers/G/GABBOR01_Gabriel_Bortoleto/gabbor01.png.transform/1col/image.png,,18.0,,,0 days 00:01:32.186000,,,,,,4
18,L STROLL,STR,stroll,Aston Martin,229971,aston_martin,Lance,Stroll,Lance Stroll,https://media.formula1.com/d_driver_fallback_image.png/content/dam/fom-website/drivers/L/LANSTR01_Lance_Stroll/lanstr01.png.transform/1col/image.png,,19.0,,,0 days 00:01:32.283000,,,,,,4
87,O BEARMAN,BEA,bearman,Haas F1 Team,B6BABD,haas,Oliver,Bearman,Oliver Bearman,https://media.formula1.com/d_driver_fallback_image.png/content/dam/fom-website/drivers/O/OLIBEA01_Oliver_Bearman/olibea01.png.transform/1col/image.png,,20.0,,,0 days 00:01:32.373000,,,,,,4
1,M VERSTAPPEN,VER,max_verstappen,Red Bull Racing,3671C6,red_bull,Max,Verstappen,Max Verstappen,https://media.formula1.com/d_driver_fallback_image.png/content/dam/fom-website/drivers/M/MAXVER01_Max_Verstappen/maxver01.png.transform/1col/image.png,,1.0,,,0 days 00:01:27.778000,0 days 00:01:27.529000,0 days 00:01:27.294000,,,,5
81,O PIASTRI,PIA,piastri,McLaren,FF8000,mclaren,Oscar,Piastri,Oscar Piastri,https://media.formula1.com/d_driver_fallback_image.png/content/dam/fom-website/drivers/O/OSCPIA01_Oscar_Piastri/oscpia01.png.transform/1col/image.png,,2.0,,,0 days 00:01:27.901000,0 days 00:01:27.545000,0 days 00:01:27.304000,,,,5
63,G RUSSELL,RUS,russell,Mercedes,27F4D2,mercedes,George,Russell,George Russell,https://media.formula1.com/d_driver_fallback_image.png/content/dam/fom-website/drivers/G/GEORUS01_George_Russell/georus01.png.transform/1col/image.png,,3.0,,,0 days 00:01:28.282000,0 days 00:01:27.599000,0 days 00:01:27.407000,,,,5
16,C LECLERC,LEC,leclerc,Ferrari,E80020,ferrari,Charles,Leclerc,Charles Leclerc,https://media.formula1.com/d_driver_fallback_image.png/content/dam/fom-website/drivers/C/CHALEC01_Charles_Leclerc/chalec01.png.transform/1col/image.png,,4.0,,,0 days 00:01:28.552000,0 days 00:01:27.866000,0 days 00:01:27.670000,,,,5
12,K ANTONELLI,ANT,antonelli,Mercedes,27F4D2,mercedes,Kimi,Antonelli,Kimi Antonelli,https://media.formula1.com/d_driver_fallback_image.png/content/dam/fom-website/drivers/A/ANDANT01_Andrea%20Kimi_Antonelli/andant01.png.transform/1col/image.png,,5.0,,,0 days 00:01:28.128000,0 days 00:01:27.798000,0 days 00:01:27.866000,,,,5
55,C SAINZ,SAI,sainz,Williams,64C4FF,williams,Carlos,Sainz,Carlos Sainz,https://media.formula1.com/d_driver_fallback_image.png/content/dam/fom-website/drivers/C/CARSAI01_Carlos_Sainz/carsai01.png.transform/1col/image.png,,6.0,,,0 days 00:01:28.354000,0 days 00:01:28.024000,0 days 00:01:28.164000,,,,5
44,L HAMILTON,HAM,hamilton,Ferrari,E80020,ferrari,Lewis,Hamilton,Lewis Hamilton,https://media.formula1.com/d_driver_fallback_image.png/content/dam/fom-website/drivers/L/LEWHAM01_Lewis_Hamilton/lewham01.png.transform/1col/image.png,,7.0,,,0 days 00:01:28.372000,0 days 00:01:28.102000,0 days 00:01:28.201000,,,,5
22,Y TSUNODA,TSU,tsunoda,Red Bull Racing,3671C6,red_bull,Yuki,Tsunoda,Yuki Tsunoda,https://media.formula1.com/d_driver_fallback_image.png/content/dam/fom-website/drivers/Y/YUKTSU01_Yuki_Tsunoda/yuktsu01.png.transform/1col/image.png,,8.0,,,0 days 00:01:28.226000,0 days 00:01:27.990000,0 days 00:01:28.204000,,,,5
10,P GASLY,GAS,gasly,Alpine,0093CC,alpine,Pierre,Gasly,Pierre Gasly,https://media.formula1.com/d_driver_fallback_image.png/content/dam/fom-website/drivers/P/PIEGAS01_Pierre_Gasly/piegas01.png.transform/1col/image.png,,9.0,,,0 days 00:01:28.421000,0 days 00:01:28.025000,0 days 00:01:28.367000,,,,5
4,L NORRIS,NOR,norris,McLaren,FF8000,mclaren,Lando,Norris,Lando Norris,https://media.formula1.com/d_driver_fallback_image.png/content/dam/fom-website/drivers/L/LANNOR01_Lando_Norris/lannor01.png.transform/1col/image.png,,10.0,,,0 days 00:01:27.805000,0 days 00:01:27.481000,,,,,5
23,A ALBON,ALB,albon,Williams,64C4FF,williams,Alexander,Albon,Alexander Albon,https://media.formula1.com/d_driver_fallback_image.png/content/dam/fom-website/drivers/A/ALEALB01_Alexander_Albon/alealb01.png.transform/1col/image.png,,11.0,,,0 days 00:01:28.279000,0 days 00:01:28.109000,,,,,5
30,L LAWSON,LAW,lawson,Racing Bulls,6692FF,rb,Liam,Lawson,Liam Lawson,https://media.formula1.com/d_driver_fallback_image.png/content/dam/fom-website/drivers/L/LIALAW01_Liam_Lawson/lialaw01.png.transform/1col/image.png,,12.0,,,0 days 00:01:28.561000,0 days 00:01:28.191000,,,,,5
14,F ALONSO,ALO,alonso,Aston Martin,229971,aston_martin,Fernando,Alonso,Fernando Alonso,https://media.formula1.com/d_driver_fallback_image.png/content/dam/fom-website/drivers/F/FERALO01_Fernando_Alonso/feralo01.png.transform/1col/image.png,,13.0,,,0 days 00:01:28.548000,0 days 00:01:28.303000,,,,,5
6,I HADJAR,HAD,hadjar,Racing Bulls,6692FF,rb,Isack,Hadjar,Isack Hadjar,https://media.formula1.com/d_driver_fallback_image.png/content/dam/fom-website/drivers/I/ISAHAD01_Isack_Hadjar/isahad01.png.transform/1col/image.png,,14.0,,,0 days 00:01:28.571000,0 days 00:01:28.418000,,,,,5
87,O BEARMAN,BEA,bearman,Haas F1 Team,B6BABD,haas,Oliver,Bearman,Oliver Bearman,https://media.formula1.com/d_driver_fallback_image.png/content/dam/fom-website/drivers/O/OLIBEA01_Oliver_Bearman/olibea01.png.transform/1col/image.png,,15.0,,,0 days 00:01:28.536000,0 days 00:01:28.648000,,,,,5
18,L STROLL,STR,stroll,Aston Martin,229971,aston_martin,Lance,Stroll,Lance Stroll,https://media.formula1.com/d_driver_fallback_image.png/content/dam/fom-website/drivers/L/LANSTR01_Lance_Stroll/lanstr01.png.transform/1col/image.png,,16.0,,,0 days 00:01:28.645000,,,,,,5
7,J DOOHAN,DOO,doohan,Alpine,0093CC,alpine,Jack,Doohan,Jack Doohan,https://media.formula1.com/d_driver_fallback_image.png/content/dam/fom-website/drivers/J/JACDOO01_Jack_Doohan/jacdoo01.png.transform/1col/image.png,,17.0,,,0 days 00:01:28.739000,,,,,,5
27,N HULKENBERG,HUL,hulkenberg,Kick Sauber,52E252,sauber,Nico,Hulkenberg,Nico Hulkenberg,https://media.formula1.com/d_driver_fallback_image.png/content/dam/fom-website/drivers/N/NICHUL01_Nico_Hulkenberg/nichul01.png.transform/1col/image.png,,18.0,,,0 days 00:01:28.782000,,,,,,5
31,E OCON,OCO,ocon,Haas F1 Team,B6BABD,haas,Esteban,Ocon,Esteban Ocon,https://media.formula1.com/d_driver_fallback_image.png/content/dam/fom-website/drivers/E/ESTOCO01_Esteban_Ocon/estoco01.png.transform/1col/image.png,,19.0,,,0 days 00:01:29.092000,,,,,,5
5,G BORTOLETO,BOR,bortoleto,Kick Sauber,52E252,sauber,Gabriel,Bortoleto,Gabriel Bortoleto,https://media.formula1.com/d_driver_fallback_image.png/content/dam/fom-website/drivers/G/GABBOR01_Gabriel_Bortoleto/gabbor01.png.transform/1col/image.png,,20.0,,,0 days 00:01:29.462000,,,,,,5
1,M VERSTAPPEN,VER,max_verstappen,Red Bull Racing,3671C6,red_bull,Max,Verstappen,Max Verstappen,https://media.formula1.com/d_driver_fallback_image.png/content/dam/fom-website/drivers/M/MAXVER01_Max_Verstappen/maxver01.png.transform/1col/image.png,,1.0,,,0 days 00:01:26.870000,0 days 00:01:26.643000,0 days 00:01:26.204000,,,,6
4,L NORRIS,NOR,norris,McLaren,FF8000,mclaren,Lando,Norris,Lando Norris,https://media.formula1.com/d_driver_fallback_image.png/content/dam/fom-website/drivers/L/LANNOR01_Lando_Norris/lannor01.png.transform/1col/image.png,,2.0,,,0 days 00:01:26.955000,0 days 00:01:26.499000,0 days 00:01:26.269000,,,,6
12,K ANTONELLI,ANT,antonelli,Mercedes,27F4D2,mercedes,Kimi,Antonelli,Kimi Antonelli,https://media.formula1.com/d_driver_fallback_image.png/content/dam/fom-website/drivers/A/ANDANT01_Andrea%20Kimi_Antonelli/andant01.png.transform/1col/image.png,,3.0,,,0 days 00:01:27.077000,0 days 00:01:26.606000,0 days 00:01:26.271000,,,,6
81,O PIASTRI,PIA,piastri,McLaren,FF8000,mclaren,Oscar,Piastri,Oscar Piastri,https://media.formula1.com/d_driver_fallback_image.png/content/dam/fom-website/drivers/O/OSCPIA01_Oscar_Piastri/oscpia01.png.transform/1col/image.png,,4.0,,,0 days 00:01:27.006000,0 days 00:01:26.269000,0 days 00:01:26.375000,,,,6
63,G RUSSELL,RUS,russell,Mercedes,27F4D2,mercedes,George,Russell,George Russell,https://media.formula1.com/d_driver_fallback_image.png/content/dam/fom-website/drivers/G/GEORUS01_George_Russell/georus01.png.transform/1col/image.png,,5.0,,,0 days 00:01:27.014000,0 days 00:01:26.575000,0 days 00:01:26.385000,,,,6
55,C SAINZ,SAI,sainz,Williams,64C4FF,williams,Carlos,Sainz,Carlos Sainz,https://media.formula1.com/d_driver_fallback_image.png/content/dam/fom-website/drivers/C/CARSAI01_Carlos_Sainz/carsai01.png.transform/1col/image.png,,6.0,,,0 days 00:01:27.098000,0 days 00:01:26.847000,0 days 00:01:26.569000,,,,6
23,A ALBON,ALB,albon,Williams,64C4FF,williams,Alexander,Albon,Alexander Albon,https://media.formula1.com/d_driver_fallback_image.png/content/dam/fom-website/drivers/A/ALEALB01_Alexander_Albon/alealb01.png.transform/1col/image.png,,7.0,,,0 days 00:01:27.042000,0 days 00:01:26.855000,0 days 00:01:26.682000,,,,6
16,C LECLERC,LEC,leclerc,Ferrari,E80020,ferrari,Charles,Leclerc,Charles Leclerc,https://media.formula1.com/d_driver_fallback_image.png/content/dam/fom-website/drivers/C/CHALEC01_Charles_Leclerc/chalec01.png.transform/1col/image.png,,8.0,,,0 days 00:01:27.417000,0 days 00:01:26.948000,0 days 00:01:26.754000,,,,6
31,E OCON,OCO,ocon,Haas F1 Team,B6BABD,haas,Esteban,Ocon,Esteban Ocon,https://media.formula1.com/d_driver_fallback_image.png/content/dam/fom-website/drivers/E/ESTOCO01_Esteban_Ocon/estoco01.png.transform/1col/image.png,,9.0,,,0 days 00:01:27.450000,0 days 00:01:26.967000,0 days 00:01:26.824000,,,,6
22,Y TSUNODA,TSU,tsunoda,Red Bull Racing,3671C6,red_bull,Yuki,Tsunoda,Yuki Tsunoda,https://media.formula1.com/d_driver_fallback_image.png/content/dam/fom-website/drivers/Y/YUKTSU01_Yuki_Tsunoda/yuktsu01.png.transform/1col/image.png,,10.0,,,0 days 00:01:27.298000,0 days 00:01:26.959000,0 days 00:01:26.943000,,,,6
6,I HADJAR,HAD,hadjar,Racing Bulls,6692FF,rb,Isack,Hadjar,Isack Hadjar,https://media.formula1.com/d_driver_fallback_image.png/content/dam/fom-website/drivers/I/ISAHAD01_Isack_Hadjar/isahad01.png.transform/1col/image.png,,11.0,,,0 days 00:01:27.301000,0 days 00:01:26.987000,,,,,6
44,L HAMILTON,HAM,hamilton,Ferrari,E80020,ferrari,Lewis,Hamilton,Lewis Hamilton,https://media.formula1.com/d_driver_fallback_image.png/content/dam/fom-website/drivers/L/LEWHAM01_Lewis_Hamilton/lewham01.png.transform/1col/image.png,,12.0,,,0 days 00:01:27.279000,0 days 00:01:27.006000,,,,,6
5,G BORTOLETO,BOR,bortoleto,Kick Sauber,52E252,sauber,Gabriel,Bortoleto,Gabriel Bortoleto,https://media.formula1.com/d_driver_fallback_image.png/content/dam/fom-website/drivers/G/GABBOR01_Gabriel_Bortoleto/gabbor01.png.transform/1col/image.png,,13.0,,,0 days 00:01:27.343000,0 days 00:01:27.151000,,,,,6
7,J DOOHAN,DOO,doohan,Alpine,0093CC,alpine,Jack,Doohan,Jack Doohan,https://media.formula1.com/d_driver_fallback_image.png/content/dam/fom-website/drivers/J/JACDOO01_Jack_Doohan/jacdoo01.png.transform/1col/image.png,,14.0,,,0 days 00:01:27.422000,0 days 00:01:27.186000,,,,,6
30,L LAWSON,LAW,lawson,Racing Bulls,6692FF,rb,Liam,Lawson,Liam Lawson,https://media.formula1.com/d_driver_fallback_image.png/content/dam/fom-website/drivers/L/LIALAW01_Liam_Lawson/lialaw01.png.transform/1col/image.png,,15.0,,,0 days 00:01:27.444000,0 days 00:01:27.363000,,,,,6
27,N HULKENBERG,HUL,hulkenberg,Kick Sauber,52E252,sauber,Nico,Hulkenberg,Nico Hulkenberg,https://media.formula1.com/d_driver_fallback_image.png/content/dam/fom-website/drivers/N/NICHUL01_Nico_Hulkenberg/nichul01.png.transform/1col/image.png,,16.0,,,0 days 00:01:27.473000,,,,,,6
14,F ALONSO,ALO,alonso,Aston Martin,229971,aston_martin,Fernando,Alonso,Fernando Alonso,https://media.formula1.com/d_driver_fallback_image.png/content/dam/fom-website/drivers/F/FERALO01_Fernando_Alonso/feralo01.png.transform/1col/image.png,,17.0,,,0 days 00:01:27.604000,,,,,,6
10,P GASLY,GAS,gasly,Alpine,0093CC,alpine,Pierre,Gasly,Pierre Gasly,https://media.formula1.com/d_driver_fallback_image.png/content/dam/fom-website/drivers/P/PIEGAS01_Pierre_Gasly/piegas01.png.transform/1col/image.png,,18.0,,,0 days 00:01:27.710000,,,,,,6
18,L STROLL,STR,stroll,Aston Martin,229971,aston_martin,Lance,Stroll,Lance Stroll,https://media.formula1.com/d_driver_fallback_image.png/content/dam/fom-website/drivers/L/LANSTR01_Lance_Stroll/lanstr01.png.transform/1col/image.png,,19.0,,,0 days 00:01:27.830000,,,,,,6
87,O BEARMAN,BEA,bearman,Haas F1 Team,B6BABD,haas,Oliver,Bearman,Oliver Bearman,https://media.formula1.com/d_driver_fallback_image.png/content/dam/fom-website/drivers/O/OLIBEA01_Oliver_Bearman/olibea01.png.transform/1col/image.png,,20.0,,,0 days 00:01:27.999000,,,,,,6
81,O PIASTRI,PIA,piastri,McLaren,FF8000,mclaren,Oscar,Piastri,Oscar Piastri,https://media.formula1.com/d_driver_fallback_image.png/content/dam/fom-website/drivers/O/OSCPIA01_Oscar_Piastri/oscpia01.png.transform/1col/image.png,,1.0,,,0 days 00:01:15.500000,0 days 00:01:15.214000,0 days 00:01:14.670000,,,,7
1,M VERSTAPPEN,VER,max_verstappen,Red Bull Racing,3671C6,red_bull,Max,Verstappen,Max Verstappen,https://media.formula1.com/d_driver_fallback_image.png/content/dam/fom-website/drivers/M/MAXVER01_Max_Verstappen/maxver01.png.transform/1col/image.png,,2.0,,,0 days 00:01:15.175000,0 days 00:01:15.394000,0 days 00:01:14.704000,,,,7
63,G RUSSELL,RUS,russell,Mercedes,27F4D2,mercedes,George,Russell,George Russell,https://media.formula1.com/d_driver_fallback_image.png/content/dam/fom-website/drivers/G/GEORUS01_George_Russell/georus01.png.transform/1col/image.png,,3.0,,,0 days 00:01:15.852000,0 days 00:01:15.334000,0 days 00:01:14.807000,,,,7
4,L NORRIS,NOR,norris,McLaren,FF8000,mclaren,Lando,Norris,Lando Norris,https://media.formula1.com/d_driver_fallback_image.png/content/dam/fom-website/drivers/L/LANNOR01_Lando_Norris/lannor01.png.transform/1col/image.png,,4.0,,,0 days 00:01:15.894000,0 days 00:01:15.261000,0 days 00:01:14.962000,,,,7
14,F ALONSO,ALO,alonso,Aston Martin,229971,aston_martin,Fernando,Alonso,Fernando Alonso,https://media.formula1.com/d_driver_fallback_image.png/content/dam/fom-website/drivers/F/FERALO01_Fernando_Alonso/feralo01.png.transform/1col/image.png,,5.0,,,0 days 00:01:15.695000,0 days 00:01:15.442000,0 days 00:01:15.431000,,,,7
55,C SAINZ,SAI,sainz,Williams,64C4FF,williams,Carlos,Sainz,Carlos Sainz,https://media.formula1.com/d_driver_fallback_image.png/content/dam/fom-website/drivers/C/CARSAI01_Carlos_Sainz/carsai01.png.transform/1col/image.png,,6.0,,,0 days 00:01:15.987000,0 days 00:01:15.198000,0 days 00:01:15.432000,,,,7
23,A ALBON,ALB,albon,Williams,64C4FF,williams,Alexander,Albon,Alexander Albon,https://media.formula1.com/d_driver_fallback_image.png/content/dam/fom-website/drivers/A/ALEALB01_Alexander_Albon/alealb01.png.transform/1col/image.png,,7.0,,,0 days 00:01:16.123000,0 days 00:01:15.521000,0 days 00:01:15.473000,,,,7
18,L STROLL,STR,stroll,Aston Martin,229971,aston_martin,Lance,Stroll,Lance Stroll,https://media.formula1.com/d_driver_fallback_image.png/content/dam/fom-website/drivers/L/LANSTR01_Lance_Stroll/lanstr01.png.transform/1col/image.png,,8.0,,,0 days 00:01:15.817000,0 days 00:01:15.497000,0 days 00:01:15.581000,,,,7
6,I HADJAR,HAD,hadjar,Racing Bulls,6692FF,rb,Isack,Hadjar,Isack Hadjar,https://media.formula1.com/d_driver_fallback_image.png/content/dam/fom-website/drivers/I/ISAHAD01_Isack_Hadjar/isahad01.png.transform/1col/image.png,,9.0,,,0 days 00:01:16.253000,0 days 00:01:15.510000,0 days 00:01:15.746000,,,,7
10,P GASLY,GAS,gasly,Alpine,0093CC,alpine,Pierre,Gasly,Pierre Gasly,https://media.formula1.com/d_driver_fallback_image.png/content/dam/fom-website/drivers/P/PIEGAS01_Pierre_Gasly/piegas01.png.transform/1col/image.png,,10.0,,,0 days 00:01:15.937000,0 days 00:01:15.505000,0 days 00:01:15.787000,,,,7
16,C LECLERC,LEC,leclerc,Ferrari,E80020,ferrari,Charles,Leclerc,Charles Leclerc,https://media.formula1.com/d_driver_fallback_image.png/content/dam/fom-website/drivers/C/CHALEC01_Charles_Leclerc/chalec01.png.transform/1col/image.png,,11.0,,,0 days 00:01:16.108000,0 days 00:01:15.604000,,,,,7
44,L HAMILTON,HAM,hamilton,Ferrari,E80020,ferrari,Lewis,Hamilton,Lewis Hamilton,https://media.formula1.com/d_driver_fallback_image.png/content/dam/fom-website/drivers/L/LEWHAM01_Lewis_Hamilton/lewham01.png.transform/1col/image.png,,12.0,,,0 days 00:01:16.163000,0 days 00:01:15.765000,,,,,7
12,K ANTONELLI,ANT,antonelli,Mercedes,27F4D2,mercedes,Kimi,Antonelli,Kimi Antonelli,https://media.formula1.com/d_driver_fallback_image.png/content/dam/fom-website/drivers/A/ANDANT01_Andrea%20Kimi_Antonelli/andant01.png.transform/1col/image.png,,13.0,,,0 days 00:01:15.943000,0 days 00:01:15.772000,,,,,7
5,G BORTOLETO,BOR,bortoleto,Kick Sauber,52E252,sauber,Gabriel,Bortoleto,Gabriel Bortoleto,https://media.formula1.com/d_driver_fallback_image.png/content/dam/fom-website/drivers/G/GABBOR01_Gabriel_Bortoleto/gabbor01.png.transform/1col/image.png,,14.0,,,0 days 00:01:16.340000,0 days 00:01:16.260000,,,,,7
43,F COLAPINTO,COL,colapinto,Alpine,0093CC,alpine,Franco,Colapinto,Franco Colapinto,None,,15.0,,,0 days 00:01:16.256000,,,,,,7
30,L LAWSON,LAW,lawson,Racing Bulls,6692FF,rb,Liam,Lawson,Liam Lawson,https://media.formula1.com/d_driver_fallback_image.png/content/dam/fom-website/drivers/L/LIALAW01_Liam_Lawson/lialaw01.png.transform/1col/image.png,,16.0,,,0 days 00:01:16.379000,,,,,,7
27,N HULKENBERG,HUL,hulkenberg,Kick Sauber,52E252,sauber,Nico,Hulkenberg,Nico Hulkenberg,https://media.formula1.com/d_driver_fallback_image.png/content/dam/fom-website/drivers/N/NICHUL01_Nico_Hulkenberg/nichul01.png.transform/1col/image.png,,17.0,,,0 days 00:01:16.518000,,,,,,7
31,E OCON,OCO,ocon,Haas F1 Team,B6BABD,haas,Esteban,Ocon,Esteban Ocon,https://media.formula1.com/d_driver_fallback_image.png/content/dam/fom-website/drivers/E/ESTOCO01_Esteban_Ocon/estoco01.png.transform/1col/image.png,,18.0,,,0 days 00:01:16.613000,,,,,,7
87,O BEARMAN,BEA,bearman,Haas F1 Team,B6BABD,haas,Oliver,Bearman,Oliver Bearman,https://media.formula1.com/d_driver_fallback_image.png/content/dam/fom-website/drivers/O/OLIBEA01_Oliver_Bearman/olibea01.png.transform/1col/image.png,,19.0,,,0 days 00:01:16.918000,,,,,,7
22,Y TSUNODA,TSU,tsunoda,Red Bull Racing,3671C6,red_bull,Yuki,Tsunoda,Yuki Tsunoda,https://media.formula1.com/d_driver_fallback_image.png/content/dam/fom-website/drivers/Y/YUKTSU01_Yuki_Tsunoda/yuktsu01.png.transform/1col/image.png,,20.0,,,,,,,,,7
4,L NORRIS,NOR,norris,McLaren,F47600,mclaren,Lando,Norris,Lando Norris,https://media.formula1.com/d_driver_fallback_image.png/content/dam/fom-website/drivers/L/LANNOR01_Lando_Norris/lannor01.png.transform/1col/image.png,,1.0,,,0 days 00:01:11.285000,0 days 00:01:10.570000,0 days 00:01:09.954000,,,,8
16,C LECLERC,LEC,leclerc,Ferrari,ED1131,ferrari,Charles,Leclerc,Charles Leclerc,https://media.formula1.com/d_driver_fallback_image.png/content/dam/fom-website/drivers/C/CHALEC01_Charles_Leclerc/chalec01.png.transform/1col/image.png,,2.0,,,0 days 00:01:11.229000,0 days 00:01:10.581000,0 days 00:01:10.063000,,,,8
81,O PIASTRI,PIA,piastri,McLaren,F47600,mclaren,Oscar,Piastri,Oscar Piastri,https://media.formula1.com/d_driver_fallback_image.png/content/dam/fom-website/drivers/O/OSCPIA01_Oscar_Piastri/oscpia01.png.transform/1col/image.png,,3.0,,,0 days 00:01:11.308000,0 days 00:01:10.858000,0 days 00:01:10.129000,,,,8
44,L HAMILTON,HAM,hamilton,Ferrari,ED1131,ferrari,Lewis,Hamilton,Lewis Hamilton,https://media.formula1.com/d_driver_fallback_image.png/content/dam/fom-website/drivers/L/LEWHAM01_Lewis_Hamilton/lewham01.png.transform/1col/image.png,,4.0,,,0 days 00:01:11.575000,0 days 00:01:10.883000,0 days 00:01:10.382000,,,,8
1,M VERSTAPPEN,VER,max_verstappen,Red Bull Racing,4781D7,red_bull,Max,Verstappen,Max Verstappen,https://media.formula1.com/d_driver_fallback_image.png/content/dam/fom-website/drivers/M/MAXVER01_Max_Verstappen/maxver01.png.transform/1col/image.png,,5.0,,,0 days 00:01:11.431000,0 days 00:01:10.875000,0 days 00:01:10.669000,,,,8
6,I HADJAR,HAD,hadjar,Racing Bulls,6C98FF,rb,Isack,Hadjar,Isack Hadjar,https://media.formula1.com/d_driver_fallback_image.png/content/dam/fom-website/drivers/I/ISAHAD01_Isack_Hadjar/isahad01.png.transform/1col/image.png,,6.0,,,0 days 00:01:11.811000,0 days 00:01:11.040000,0 days 00:01:10.923000,,,,8
14,F ALONSO,ALO,alonso,Aston Martin,229971,aston_martin,Fernando,Alonso,Fernando Alonso,https://media.formula1.com/d_driver_fallback_image.png/content/dam/fom-website/drivers/F/FERALO01_Fernando_Alonso/feralo01.png.transform/1col/image.png,,7.0,,,0 days 00:01:11.674000,0 days 00:01:11.182000,0 days 00:01:10.924000,,,,8
31,E OCON,OCO,ocon,Haas F1 Team,9C9FA2,haas,Esteban,Ocon,Esteban Ocon,https://media.formula1.com/d_driver_fallback_image.png/content/dam/fom-website/drivers/E/ESTOCO01_Esteban_Ocon/estoco01.png.transform/1col/image.png,,8.0,,,0 days 00:01:11.839000,0 days 00:01:11.262000,0 days 00:01:10.942000,,,,8
30,L LAWSON,LAW,lawson,Racing Bulls,6C98FF,rb,Liam,Lawson,Liam Lawson,https://media.formula1.com/d_driver_fallback_image.png/content/dam/fom-website/drivers/L/LIALAW01_Liam_Lawson/lialaw01.png.transform/1col/image.png,,9.0,,,0 days 00:01:11.818000,0 days 00:01:11.250000,0 days 00:01:11.129000,,,,8
23,A ALBON,ALB,albon,Williams,1868DB,williams,Alexander,Albon,Alexander Albon,https://media.formula1.com/d_driver_fallback_image.png/content/dam/fom-website/drivers/A/ALEALB01_Alexander_Albon/alealb01.png.transform/1col/image.png,,10.0,,,0 days 00:01:11.629000,0 days 00:01:10.732000,0 days 00:01:11.213000,,,,8
55,C SAINZ,SAI,sainz,Williams,1868DB,williams,Carlos,Sainz,Carlos Sainz,https://media.formula1.com/d_driver_fallback_image.png/content/dam/fom-website/drivers/C/CARSAI01_Carlos_Sainz/carsai01.png.transform/1col/image.png,,11.0,,,0 days 00:01:11.707000,0 days 00:01:11.362000,,,,,8
22,Y TSUNODA,TSU,tsunoda,Red Bull Racing,4781D7,red_bull,Yuki,Tsunoda,Yuki Tsunoda,https://media.formula1.com/d_driver_fallback_image.png/content/dam/fom-website/drivers/Y/YUKTSU01_Yuki_Tsunoda/yuktsu01.png.transform/1col/image.png,,12.0,,,0 days 00:01:11.800000,0 days 00:01:11.415000,,,,,8
27,N HULKENBERG,HUL,hulkenberg,Kick Sauber,01C00E,sauber,Nico,Hulkenberg,Nico Hulkenberg,https://media.formula1.com/d_driver_fallback_image.png/content/dam/fom-website/drivers/N/NICHUL01_Nico_Hulkenberg/nichul01.png.transform/1col/image.png,,13.0,,,0 days 00:01:11.871000,0 days 00:01:11.596000,,,,,8
63,G RUSSELL,RUS,russell,Mercedes,00D7B6,mercedes,George,Russell,George Russell,https://media.formula1.com/d_driver_fallback_image.png/content/dam/fom-website/drivers/G/GEORUS01_George_Russell/georus01.png.transform/1col/image.png,,14.0,,,0 days 00:01:11.507000,,,,,,8
12,K ANTONELLI,ANT,antonelli,Mercedes,00D7B6,mercedes,Kimi,Antonelli,Kimi Antonelli,https://media.formula1.com/d_driver_fallback_image.png/content/dam/fom-website/drivers/A/ANDANT01_Andrea%20Kimi_Antonelli/andant01.png.transform/1col/image.png,,15.0,,,0 days 00:01:11.880000,,,,,,8
5,G BORTOLETO,BOR,bortoleto,Kick Sauber,01C00E,sauber,Gabriel,Bortoleto,Gabriel Bortoleto,https://media.formula1.com/d_driver_fallback_image.png/content/dam/fom-website/drivers/G/GABBOR01_Gabriel_Bortoleto/gabbor01.png.transform/1col/image.png,,16.0,,,0 days 00:01:11.902000,,,,,,8
87,O BEARMAN,BEA,bearman,Haas F1 Team,9C9FA2,haas,Oliver,Bearman,Oliver Bearman,https://media.formula1.com/d_driver_fallback_image.png/content/dam/fom-website/drivers/O/OLIBEA01_Oliver_Bearman/olibea01.png.transform/1col/image.png,,17.0,,,0 days 00:01:11.979000,,,,,,8
10,P GASLY,GAS,gasly,Alpine,00A1E8,alpine,Pierre,Gasly,Pierre Gasly,https://media.formula1.com/d_driver_fallback_image.png/content/dam/fom-website/drivers/P/PIEGAS01_Pierre_Gasly/piegas01.png.transform/1col/image.png,,18.0,,,0 days 00:01:11.994000,,,,,,8
18,L STROLL,STR,stroll,Aston Martin,229971,aston_martin,Lance,Stroll,Lance Stroll,https://media.formula1.com/d_driver_fallback_image.png/content/dam/fom-website/drivers/L/LANSTR01_Lance_Stroll/lanstr01.png.transform/1col/image.png,,19.0,,,0 days 00:01:12.563000,,,,,,8
43,F COLAPINTO,COL,colapinto,Alpine,00A1E8,alpine,Franco,Colapinto,Franco Colapinto,None,,20.0,,,0 days 00:01:12.597000,,,,,,8
