DriverNumber,BroadcastName,Abbreviation,DriverId,TeamName,TeamColor,TeamId,FirstName,LastName,FullName,HeadshotUrl,CountryCode,Position,ClassifiedPosition,GridPosition,Q1,Q2,Q3,Time,Status,Points,RoundNumber,elo_before,elo_after,DriverChampionshipPosition,TeamChampionshipPoints,DriverWinsCount
4,L NORRIS,NOR,norris,McLaren,FF8000,mclaren,Lando,Norris,Lando Norris,https://media.formula1.com/d_driver_fallback_image.png/content/dam/fom-website/drivers/L/LANNOR01_Lando_Norris/lannor01.png.transform/1col/image.png,,1.0,1,1.0,,,,0 days 01:42:06.304000,Finished,25.0,1,1130.0,1144.0,1,27,0
1,M VERSTAPPEN,VER,max_verstappen,Red Bull Racing,3671C6,red_bull,Max,Verstappen,Max Verstappen,https://media.formula1.com/d_driver_fallback_image.png/content/dam/fom-website/drivers/M/MAXVER01_Max_Verstappen/maxver01.png.transform/1col/image.png,,2.0,2,3.0,,,,0 days 00:00:00.895000,Finished,18.0,1,1339.0,1343.0,2,18,0
63,G RUSSELL,RUS,russell,Mercedes,27F4D2,mercedes,George,Russell,George Russell,https://media.formula1.com/d_driver_fallback_image.png/content/dam/fom-website/drivers/G/GEORUS01_George_Russell/georus01.png.transform/1col/image.png,,3.0,3,4.0,,,,0 days 00:00:08.481000,Finished,15.0,1,1216.0,1222.0,3,27,0
12,A ANTONELLI,ANT,antonelli,Mercedes,27F4D2,mercedes,Andrea Kimi,Antonelli,Andrea Kimi Antonelli,https://media.formula1.com/d_driver_fallback_image.png/content/dam/fom-website/drivers/A/ANDANT01_Andrea%20Kimi_Antonelli/andant01.png.transform/1col/image.png,,4.0,4,16.0,,,,0 days 00:00:10.135000,Finished,12.0,1,1000.0,1009.0,4,27,0
23,A ALBON,ALB,albon,Williams,64C4FF,williams,Alexander,Albon,Alexander Albon,https://media.formula1.com/d_driver_fallback_image.png/content/dam/fom-website/drivers/A/ALEALB01_Alexander_Albon/alealb01.png.transform/1col/image.png,,5.0,5,6.0,,,,0 days 00:00:12.773000,Finished,10.0,1,1166.0,1169.0,5,10,0
18,L STROLL,STR,stroll,Aston Martin,229971,aston_martin,Lance,Stroll,Lance Stroll,https://media.formula1.com/d_driver_fallback_image.png/content/dam/fom-website/drivers/L/LANSTR01_Lance_Stroll/lanstr01.png.transform/1col/image.png,,6.0,6,13.0,,,,0 days 00:00:17.413000,Finished,8.0,1,976.0,985.0,6,8,0
27,N HULKENBERG,HUL,hulkenberg,Kick Sauber,52E252,sauber,Nico,Hulkenberg,Nico Hulkenberg,https://media.formula1.com/d_driver_fallback_image.png/content/dam/fom-website/drivers/N/NICHUL01_Nico_Hulkenberg/nichul01.png.transform/1col/image.png,,7.0,7,17.0,,,,0 days 00:00:18.423000,Finished,6.0,1,1059.0,1062.0,7,6,0
16,C LECLERC,LEC,leclerc,Ferrari,E80020,ferrari,Charles,Leclerc,Charles Leclerc,https://media.formula1.com/d_driver_fallback_image.png/content/dam/fom-website/drivers/C/CHALEC01_Charles_Leclerc/chalec01.png.transform/1col/image.png,,8.0,8,7.0,,,,0 days 00:00:19.826000,Finished,4.0,1,1141.0,1141.0,8,5,0
81,O PIASTRI,PIA,piastri,McLaren,FF8000,mclaren,Oscar,Piastri,Oscar Piastri,https://media.formula1.com/d_driver_fallback_image.png/content/dam/fom-website/drivers/O/OSCPIA01_Oscar_Piastri/oscpia01.png.transform/1col/image.png,,9.0,9,2.0,,,,0 days 00:00:20.448000,Finished,2.0,1,1010.0,1008.0,9,27,0
44,L HAMILTON,HAM,hamilton,Ferrari,E80020,ferrari,Lewis,Hamilton,Lewis Hamilton,https://media.formula1.com/d_driver_fallback_image.png/content/dam/fom-website/drivers/L/LEWHAM01_Lewis_Hamilton/lewham01.png.transform/1col/image.png,,10.0,10,8.0,,,,0 days 00:00:22.473000,Finished,1.0,1,1165.0,1154.0,10,5,0
10,P GASLY,GAS,gasly,Alpine,0093CC,alpine,Pierre,Gasly,Pierre Gasly,https://media.formula1.com/d_driver_fallback_image.png/content/dam/fom-website/drivers/P/PIEGAS01_Pierre_Gasly/piegas01.png.transform/1col/image.png,,11.0,11,9.0,,,,0 days 00:00:26.502000,Finished,0.0,1,1076.0,1068.0,11,0,0
22,Y TSUNODA,TSU,tsunoda,Racing Bulls,6692FF,rb,Yuki,Tsunoda,Yuki Tsunoda,https://media.formula1.com/d_driver_fallback_image.png/content/dam/fom-website/drivers/Y/YUKTSU01_Yuki_Tsunoda/yuktsu01.png.transform/1col/image.png,,12.0,12,5.0,,,,0 days 00:00:29.884000,Finished,0.0,1,1044.0,1035.0,12,0,0
31,E OCON,OCO,ocon,Haas F1 Team,B6BABD,haas,Esteban,Ocon,Esteban Ocon,https://media.formula1.com/d_driver_fallback_image.png/content/dam/fom-website/drivers/E/ESTOCO01_Esteban_Ocon/estoco01.png.transform/1col/image.png,,13.0,13,19.0,,,,0 days 00:00:33.161000,Finished,0.0,1,1000.0,995.0,13,0,0
87,O BEARMAN,BEA,bearman,Haas F1 Team,B6BABD,haas,Oliver,Bearman,Oliver Bearman,https://media.formula1.com/d_driver_fallback_image.png/content/dam/fom-website/drivers/O/OLIBEA01_Oliver_Bearman/olibea01.png.transform/1col/image.png,,14.0,14,20.0,,,,0 days 00:00:40.351000,Finished,0.0,1,1000.0,987.0,14,0,0
30,L LAWSON,LAW,lawson,Red Bull Racing,3671C6,red_bull,Liam,Lawson,Liam Lawson,https://media.formula1.com/d_driver_fallback_image.png/content/dam/fom-website/drivers/L/LIALAW01_Liam_Lawson/lialaw01.png.transform/1col/image.png,,15.0,R,18.0,,,,,Retired,0.0,1,973.0,973.0,15,18,0
5,G BORTOLETO,BOR,bortoleto,Kick Sauber,52E252,sauber,Gabriel,Bortoleto,Gabriel Bortoleto,https://media.formula1.com/d_driver_fallback_image.png/content/dam/fom-website/drivers/G/GABBOR01_Gabriel_Bortoleto/gabbor01.png.transform/1col/image.png,,16.0,R,15.0,,,,,Retired,0.0,1,1000.0,1000.0,16,6,0
14,F ALONSO,ALO,alonso,Aston Martin,229971,aston_martin,Fernando,Alonso,Fernando Alonso,https://media.formula1.com/d_driver_fallback_image.png/content/dam/fom-website/drivers/F/FERALO01_Fernando_Alonso/feralo01.png.transform/1col/image.png,,17.0,R,12.0,,,,,Retired,0.0,1,1184.0,1184.0,17,8,0
55,C SAINZ,SAI,sainz,Williams,64C4FF,williams,Carlos,Sainz,Carlos Sainz,https://media.formula1.com/d_driver_fallback_image.png/content/dam/fom-website/drivers/C/CARSAI01_Carlos_Sainz/carsai01.png.transform/1col/image.png,,18.0,R,10.0,,,,,Retired,0.0,1,1066.0,1066.0,18,10,0
7,J DOOHAN,DOO,doohan,Alpine,0093CC,alpine,Jack,Doohan,Jack Doohan,https://media.formula1.com/d_driver_fallback_image.png/content/dam/fom-website/drivers/J/JACDOO01_Jack_Doohan/jacdoo01.png.transform/1col/image.png,,19.0,R,14.0,,,,,Retired,0.0,1,990.0,990.0,19,0,0
6,I HADJAR,HAD,hadjar,Racing Bulls,6692FF,rb,Isack,Hadjar,Isack Hadjar,https://media.formula1.com/d_driver_fallback_image.png/content/dam/fom-website/drivers/I/ISAHAD01_Isack_Hadjar/isahad01.png.transform/1col/image.png,,20.0,R,11.0,,,,,Retired,0.0,1,1000.0,1000.0,20,0,0
81,O PIASTRI,PIA,piastri,McLaren,FF8000,mclaren,Oscar,Piastri,Oscar Piastri,https://media.formula1.com/d_driver_fallback_image.png/content/dam/fom-website/drivers/O/OSCPIA01_Oscar_Piastri/oscpia01.png.transform/1col/image.png,,1.0,1,1.0,,,,0 days 01:30:55.026000,Finished,25.0,2,1008.0,1027.0,4,70,0
4,L NORRIS,NOR,norris,McLaren,FF8000,mclaren,Lando,Norris,Lando Norris,https://media.formula1.com/d_driver_fallback_image.png/content/dam/fom-website/drivers/L/LANNOR01_Lando_Norris/lannor01.png.transform/1col/image.png,,2.0,2,3.0,,,,0 days 00:00:09.748000,Finished,18.0,2,1144.0,1149.0,1,70,0
63,G RUSSELL,RUS,russell,Mercedes,27F4D2,mercedes,George,Russell,George Russell,https://media.formula1.com/d_driver_fallback_image.png/content/dam/fom-website/drivers/G/GEORUS01_George_Russell/georus01.png.transform/1col/image.png,,3.0,3,2.0,,,,0 days 00:00:11.097000,Finished,15.0,2,1222.0,1227.0,3,50,0
1,M VERSTAPPEN,VER,max_verstappen,Red Bull Racing,3671C6,red_bull,Max,Verstappen,Max Verstappen,https://media.formula1.com/d_driver_fallback_image.png/content/dam/fom-website/drivers/M/MAXVER01_Max_Verstappen/maxver01.png.transform/1col/image.png,,4.0,4,4.0,,,,0 days 00:00:16.656000,Finished,12.0,2,1343.0,1342.0,2,30,0
31,E OCON,OCO,ocon,Haas F1 Team,B6BABD,haas,Esteban,Ocon,Esteban Ocon,https://media.formula1.com/d_driver_fallback_image.png/content/dam/fom-website/drivers/E/ESTOCO01_Esteban_Ocon/estoco01.png.transform/1col/image.png,,5.0,5,11.0,,,,0 days 00:00:49.969000,Finished,10.0,2,995.0,1006.0,8,14,0
12,K ANTONELLI,ANT,antonelli,Mercedes,27F4D2,mercedes,Kimi,Antonelli,Kimi Antonelli,https://media.formula1.com/d_driver_fallback_image.png/content/dam/fom-website/drivers/A/ANDANT01_Andrea%20Kimi_Antonelli/andant01.png.transform/1col/image.png,,6.0,6,8.0,,,,0 days 00:00:53.748000,Finished,8.0,2,1009.0,1014.0,5,50,0
23,A ALBON,ALB,albon,Williams,64C4FF,williams,Alexander,Albon,Alexander Albon,https://media.formula1.com/d_driver_fallback_image.png/content/dam/fom-website/drivers/A/ALEALB01_Alexander_Albon/alealb01.png.transform/1col/image.png,,7.0,7,10.0,,,,0 days 00:00:56.321000,Finished,6.0,2,1169.0,1169.0,6,17,0
87,O BEARMAN,BEA,bearman,Haas F1 Team,B6BABD,haas,Oliver,Bearman,Oliver Bearman,https://media.formula1.com/d_driver_fallback_image.png/content/dam/fom-website/drivers/O/OLIBEA01_Oliver_Bearman/olibea01.png.transform/1col/image.png,,8.0,8,17.0,,,,0 days 00:01:01.303000,Finished,4.0,2,987.0,988.0,11,14,0
18,L STROLL,STR,stroll,Aston Martin,229971,aston_martin,Lance,Stroll,Lance Stroll,https://media.formula1.com/d_driver_fallback_image.png/content/dam/fom-website/drivers/L/LANSTR01_Lance_Stroll/lanstr01.png.transform/1col/image.png,,9.0,9,14.0,,,,0 days 00:01:10.204000,Finished,2.0,2,985.0,987.0,7,10,0
55,C SAINZ,SAI,sainz,Williams,64C4FF,williams,Carlos,Sainz,Carlos Sainz,https://media.formula1.com/d_driver_fallback_image.png/content/dam/fom-website/drivers/C/CARSAI01_Carlos_Sainz/carsai01.png.transform/1col/image.png,,10.0,10,15.0,,,,0 days 00:01:16.387000,Finished,1.0,2,1066.0,1061.0,13,17,0
6,I HADJAR,HAD,hadjar,Racing Bulls,6692FF,rb,Isack,Hadjar,Isack Hadjar,https://media.formula1.com/d_driver_fallback_image.png/content/dam/fom-website/drivers/I/ISAHAD01_Isack_Hadjar/isahad01.png.transform/1col/image.png,,11.0,11,7.0,,,,0 days 00:01:18.875000,Finished,0.0,2,1000.0,1001.0,20,0,0
30,L LAWSON,LAW,lawson,Red Bull Racing,3671C6,red_bull,Liam,Lawson,Liam Lawson,https://media.formula1.com/d_driver_fallback_image.png/content/dam/fom-website/drivers/L/LIALAW01_Liam_Lawson/lialaw01.png.transform/1col/image.png,,12.0,12,20.0,,,,0 days 00:01:21.147000,Finished,0.0,2,973.0,969.0,16,30,0
7,J DOOHAN,DOO,doohan,Alpine,0093CC,alpine,Jack,Doohan,Jack Doohan,https://media.formula1.com/d_driver_fallback_image.png/content/dam/fom-website/drivers/J/JACDOO01_Jack_Doohan/jacdoo01.png.transform/1col/image.png,,13.0,13,18.0,,,,0 days 00:01:28.401000,Finished,0.0,2,990.0,983.0,19,0,0
5,G BORTOLETO,BOR,bortoleto,Kick Sauber,52E252,sauber,Gabriel,Bortoleto,Gabriel Bortoleto,https://media.formula1.com/d_driver_fallback_image.png/content/dam/fom-website/drivers/G/GABBOR01_Gabriel_Bortoleto/gabbor01.png.transform/1col/image.png,,14.0,14,19.0,,,,0 days 00:00:10.756000,Lapped,0.0,2,1000.0,996.0,17,6,0
27,N HULKENBERG,HUL,hulkenberg,Kick Sauber,52E252,sauber,Nico,Hulkenberg,Nico Hulkenberg,https://media.formula1.com/d_driver_fallback_image.png/content/dam/fom-website/drivers/N/NICHUL01_Nico_Hulkenberg/nichul01.png.transform/1col/image.png,,15.0,15,12.0,,,,0 days 00:00:20.226000,Lapped,0.0,2,1062.0,1047.0,9,6,0
22,Y TSUNODA,TSU,tsunoda,Racing Bulls,6692FF,rb,Yuki,Tsunoda,Yuki Tsunoda,https://media.formula1.com/d_driver_fallback_image.png/content/dam/fom-website/drivers/Y/YUKTSU01_Yuki_Tsunoda/yuktsu01.png.transform/1col/image.png,,16.0,16,9.0,,,,0 days 00:00:23.511000,Lapped,0.0,2,1035.0,1020.0,15,0,0
14,F ALONSO,ALO,alonso,Aston Martin,229971,aston_martin,Fernando,Alonso,Fernando Alonso,https://media.formula1.com/d_driver_fallback_image.png/content/dam/fom-website/drivers/F/FERALO01_Fernando_Alonso/feralo01.png.transform/1col/image.png,,17.0,R,13.0,,,,,Retired,0.0,2,1184.0,1184.0,18,10,0
16,C LECLERC,LEC,leclerc,Ferrari,E80020,ferrari,Charles,Leclerc,Charles Leclerc,https://media.formula1.com/d_driver_fallback_image.png/content/dam/fom-website/drivers/C/CHALEC01_Charles_Leclerc/chalec01.png.transform/1col/image.png,,18.0,D,6.0,,,,,Disqualified,0.0,2,1141.0,1141.0,10,5,0
44,L HAMILTON,HAM,hamilton,Ferrari,E80020,ferrari,Lewis,Hamilton,Lewis Hamilton,https://media.formula1.com/d_driver_fallback_image.png/content/dam/fom-website/drivers/L/LEWHAM01_Lewis_Hamilton/lewham01.png.transform/1col/image.png,,19.0,D,5.0,,,,,Disqualified,0.0,2,1154.0,1154.0,12,5,0
10,P GASLY,GAS,gasly,Alpine,0093CC,alpine,Pierre,Gasly,Pierre Gasly,https://media.formula1.com/d_driver_fallback_image.png/content/dam/fom-website/drivers/P/PIEGAS01_Pierre_Gasly/piegas01.png.transform/1col/image.png,,20.0,D,16.0,,,,,Disqualified,0.0,2,1068.0,1068.0,14,0,0
1,M VERSTAPPEN,VER,max_verstappen,Red Bull Racing,3671C6,red_bull,Max,Verstappen,Max Verstappen,https://media.formula1.com/d_driver_fallback_image.png/content/dam/fom-website/drivers/M/MAXVER01_Max_Verstappen/maxver01.png.transform/1col/image.png,,1.0,1,1.0,,,,0 days 01:22:06.983000,Finished,25.0,3,1342.0,1347.0,2,55,0
4,L NORRIS,NOR,norris,McLaren,FF8000,mclaren,Lando,Norris,Lando Norris,https://media.formula1.com/d_driver_fallback_image.png/content/dam/fom-website/drivers/L/LANNOR01_Lando_Norris/lannor01.png.transform/1col/image.png,,2.0,2,2.0,,,,0 days 00:00:01.423000,Finished,18.0,3,1149.0,1160.0,1,103,0
81,O PIASTRI,PIA,piastri,McLaren,FF8000,mclaren,Oscar,Piastri,Oscar Piastri,https://media.formula1.com/d_driver_fallback_image.png/content/dam/fom-website/drivers/O/OSCPIA01_Oscar_Piastri/oscpia01.png.transform/1col/image.png,,3.0,3,3.0,,,,0 days 00:00:02.129000,Finished,15.0,3,1027.0,1038.0,3,103,0
16,C LECLERC,LEC,leclerc,Ferrari,E80020,ferrari,Charles,Leclerc,Charles Leclerc,https://media.formula1.com/d_driver_fallback_image.png/content/dam/fom-website/drivers/C/CHALEC01_Charles_Leclerc/chalec01.png.transform/1col/image.png,,4.0,4,4.0,,,,0 days 00:00:16.097000,Finished,12.0,3,1141.0,1150.0,7,23,0
63,G RUSSELL,RUS,russell,Mercedes,27F4D2,mercedes,George,Russell,George Russell,https://media.formula1.com/d_driver_fallback_image.png/content/dam/fom-website/drivers/G/GEORUS01_George_Russell/georus01.png.transform/1col/image.png,,5.0,5,5.0,,,,0 days 00:00:17.362000,Finished,10.0,3,1227.0,1230.0,4,68,0
12,K ANTONELLI,ANT,antonelli,Mercedes,27F4D2,mercedes,Kimi,Antonelli,Kimi Antonelli,https://media.formula1.com/d_driver_fallback_image.png/content/dam/fom-website/drivers/A/ANDANT01_Andrea%20Kimi_Antonelli/andant01.png.transform/1col/image.png,,6.0,6,6.0,,,,0 days 00:00:18.671000,Finished,8.0,3,1014.0,1022.0,5,68,0
44,L HAMILTON,HAM,hamilton,Ferrari,E80020,ferrari,Lewis,Hamilton,Lewis Hamilton,https://media.formula1.com/d_driver_fallback_image.png/content/dam/fom-website/drivers/L/LEWHAM01_Lewis_Hamilton/lewham01.png.transform/1col/image.png,,7.0,7,8.0,,,,0 days 00:00:29.182000,Finished,6.0,3,1154.0,1154.0,10,23,0
6,I HADJAR,HAD,hadjar,Racing Bulls,6692FF,rb,Isack,Hadjar,Isack Hadjar,https://media.formula1.com/d_driver_fallback_image.png/content/dam/fom-website/drivers/I/ISAHAD01_Isack_Hadjar/isahad01.png.transform/1col/image.png,,8.0,8,7.0,,,,0 days 00:00:37.134000,Finished,4.0,3,1001.0,1009.0,13,4,0
23,A ALBON,ALB,albon,Williams,64C4FF,williams,Alexander,Albon,Alexander Albon,https://media.formula1.com/d_driver_fallback_image.png/content/dam/fom-website/drivers/A/ALEALB01_Alexander_Albon/alealb01.png.transform/1col/image.png,,9.0,9,9.0,,,,0 days 00:00:40.367000,Finished,2.0,3,1169.0,1169.0,6,19,0
87,O BEARMAN,BEA,bearman,Haas F1 Team,B6BABD,haas,Oliver,Bearman,Oliver Bearman,https://media.formula1.com/d_driver_fallback_image.png/content/dam/fom-website/drivers/O/OLIBEA01_Oliver_Bearman/olibea01.png.transform/1col/image.png,,10.0,10,10.0,,,,0 days 00:00:54.529000,Finished,1.0,3,988.0,994.0,12,15,0
14,F ALONSO,ALO,alonso,Aston Martin,229971,aston_martin,Fernando,Alonso,Fernando Alonso,https://media.formula1.com/d_driver_fallback_image.png/content/dam/fom-website/drivers/F/FERALO01_Fernando_Alonso/feralo01.png.transform/1col/image.png,,11.0,11,12.0,,,,0 days 00:00:57.333000,Finished,0.0,3,1184.0,1180.0,19,10,0
22,Y TSUNODA,TSU,tsunoda,Red Bull Racing,3671C6,red_bull,Yuki,Tsunoda,Yuki Tsunoda,https://media.formula1.com/d_driver_fallback_image.png/content/dam/fom-website/drivers/Y/YUKTSU01_Yuki_Tsunoda/yuktsu01.png.transform/1col/image.png,,12.0,12,14.0,,,,0 days 00:00:58.401000,Finished,0.0,3,1020.0,1019.0,16,55,0
10,P GASLY,GAS,gasly,Alpine,0093CC,alpine,Pierre,Gasly,Pierre Gasly,https://media.formula1.com/d_driver_fallback_image.png/content/dam/fom-website/drivers/P/PIEGAS01_Pierre_Gasly/piegas01.png.transform/1col/image.png,,13.0,13,11.0,,,,0 days 00:01:02.122000,Finished,0.0,3,1068.0,1066.0,15,0,0
55,C SAINZ,SAI,sainz,Williams,64C4FF,williams,Carlos,Sainz,Carlos Sainz,https://media.formula1.com/d_driver_fallback_image.png/content/dam/fom-website/drivers/C/CARSAI01_Carlos_Sainz/carsai01.png.transform/1col/image.png,,14.0,14,15.0,,,,0 days 00:01:14.129000,Finished,0.0,3,1061.0,1055.0,14,19,0
7,J DOOHAN,DOO,doohan,Alpine,0093CC,alpine,Jack,Doohan,Jack Doohan,https://media.formula1.com/d_driver_fallback_image.png/content/dam/fom-website/drivers/J/JACDOO01_Jack_Doohan/jacdoo01.png.transform/1col/image.png,,15.0,15,19.0,,,,0 days 00:01:21.314000,Finished,0.0,3,983.0,978.0,20,0,0
27,N HULKENBERG,HUL,hulkenberg,Kick Sauber,52E252,sauber,Nico,Hulkenberg,Nico Hulkenberg,https://media.formula1.com/d_driver_fallback_image.png/content/dam/fom-website/drivers/N/NICHUL01_Nico_Hulkenberg/nichul01.png.transform/1col/image.png,,16.0,16,16.0,,,,0 days 00:01:21.957000,Finished,0.0,3,1047.0,1042.0,11,6,0
30,L LAWSON,LAW,lawson,Racing Bulls,6692FF,rb,Liam,Lawson,Liam Lawson,https://media.formula1.com/d_driver_fallback_image.png/content/dam/fom-website/drivers/L/LIALAW01_Liam_Lawson/lialaw01.png.transform/1col/image.png,,17.0,17,13.0,,,,0 days 00:01:22.734000,Finished,0.0,3,969.0,962.0,17,4,0
31,E OCON,OCO,ocon,Haas F1 Team,B6BABD,haas,Esteban,Ocon,Esteban Ocon,https://media.formula1.com/d_driver_fallback_image.png/content/dam/fom-website/drivers/E/ESTOCO01_Esteban_Ocon/estoco01.png.transform/1col/image.png,,18.0,18,18.0,,,,0 days 00:01:23.438000,Finished,0.0,3,1006.0,995.0,9,15,0
5,G BORTOLETO,BOR,bortoleto,Kick Sauber,52E252,sauber,Gabriel,Bortoleto,Gabriel Bortoleto,https://media.formula1.com/d_driver_fallback_image.png/content/dam/fom-website/drivers/G/GABBOR01_Gabriel_Bortoleto/gabbor01.png.transform/1col/image.png,,19.0,19,17.0,,,,0 days 00:01:23.897000,Finished,0.0,3,996.0,985.0,18,6,0
18,L STROLL,STR,stroll,Aston Martin,229971,aston_martin,Lance,Stroll,Lance Stroll,https://media.formula1.com/d_driver_fallback_image.png/content/dam/fom-website/drivers/L/LANSTR01_Lance_Stroll/lanstr01.png.transform/1col/image.png,,20.0,20,20.0,,,,0 days 00:00:12.929000,Lapped,0.0,3,987.0,975.0,8,10,0
81,O PIASTRI,PIA,piastri,McLaren,FF8000,mclaren,Oscar,Piastri,Oscar Piastri,https://media.formula1.com/d_driver_fallback_image.png/content/dam/fom-website/drivers/O/OSCPIA01_Oscar_Piastri/oscpia01.png.transform/1col/image.png,,1.0,1,1.0,,,,0 days 01:35:39.435000,Finished,25.0,4,1038.0,1056.0,2,143,0
63,G RUSSELL,RUS,russell,Mercedes,27F4D2,mercedes,George,Russell,George Russell,https://media.formula1.com/d_driver_fallback_image.png/content/dam/fom-website/drivers/G/GEORUS01_George_Russell/georus01.png.transform/1col/image.png,,2.0,2,3.0,,,,0 days 00:00:15.499000,Finished,18.0,4,1230.0,1238.0,4,86,0
4,L NORRIS,NOR,norris,McLaren,FF8000,mclaren,Lando,Norris,Lando Norris,https://media.formula1.com/d_driver_fallback_image.png/content/dam/fom-website/drivers/L/LANNOR01_Lando_Norris/lannor01.png.transform/1col/image.png,,3.0,3,6.0,,,,0 days 00:00:16.273000,Finished,15.0,4,1160.0,1164.0,1,143,0
16,C LECLERC,LEC,leclerc,Ferrari,E80020,ferrari,Charles,Leclerc,Charles Leclerc,https://media.formula1.com/d_driver_fallback_image.png/content/dam/fom-website/drivers/C/CHALEC01_Charles_Leclerc/chalec01.png.transform/1col/image.png,,4.0,4,2.0,,,,0 days 00:00:19.679000,Finished,12.0,4,1150.0,1158.0,6,45,0
44,L HAMILTON,HAM,hamilton,Ferrari,E80020,ferrari,Lewis,Hamilton,Lewis Hamilton,https://media.formula1.com/d_driver_fallback_image.png/content/dam/fom-website/drivers/L/LEWHAM01_Lewis_Hamilton/lewham01.png.transform/1col/image.png,,5.0,5,9.0,,,,0 days 00:00:27.993000,Finished,10.0,4,1154.0,1156.0,8,45,0
1,M VERSTAPPEN,VER,max_verstappen,Red Bull Racing,3671C6,red_bull,Max,Verstappen,Max Verstappen,https://media.formula1.com/d_driver_fallback_image.png/content/dam/fom-website/drivers/M/MAXVER01_Max_Verstappen/maxver01.png.transform/1col/image.png,,6.0,6,7.0,,,,0 days 00:00:34.395000,Finished,8.0,4,1347.0,1344.0,3,65,0
10,P GASLY,GAS,gasly,Alpine,0093CC,alpine,Pierre,Gasly,Pierre Gasly,https://media.formula1.com/d_driver_fallback_image.png/content/dam/fom-website/drivers/P/PIEGAS01_Pierre_Gasly/piegas01.png.transform/1col/image.png,,7.0,7,4.0,,,,0 days 00:00:36.002000,Finished,6.0,4,1066.0,1072.0,12,6,0
31,E OCON,OCO,ocon,Haas F1 Team,B6BABD,haas,Esteban,Ocon,Esteban Ocon,https://media.formula1.com/d_driver_fallback_image.png/content/dam/fom-website/drivers/E/ESTOCO01_Esteban_Ocon/estoco01.png.transform/1col/image.png,,8.0,8,14.0,,,,0 days 00:00:44.244000,Finished,4.0,4,995.0,1003.0,9,20,0
22,Y TSUNODA,TSU,tsunoda,Red Bull Racing,3671C6,red_bull,Yuki,Tsunoda,Yuki Tsunoda,https://media.formula1.com/d_driver_fallback_image.png/content/dam/fom-website/drivers/Y/YUKTSU01_Yuki_Tsunoda/yuktsu01.png.transform/1col/image.png,,9.0,9,10.0,,,,0 days 00:00:45.061000,Finished,2.0,4,1019.0,1021.0,15,65,0
87,O BEARMAN,BEA,bearman,Haas F1 Team,B6BABD,haas,Oliver,Bearman,Oliver Bearman,https://media.formula1.com/d_driver_fallback_image.png/content/dam/fom-website/drivers/O/OLIBEA01_Oliver_Bearman/olibea01.png.transform/1col/image.png,,10.0,10,20.0,,,,0 days 00:00:47.594000,Finished,1.0,4,994.0,994.0,13,20,0
12,K ANTONELLI,ANT,antonelli,Mercedes,27F4D2,mercedes,Kimi,Antonelli,Kimi Antonelli,https://media.formula1.com/d_driver_fallback_image.png/content/dam/fom-website/drivers/A/ANDANT01_Andrea%20Kimi_Antonelli/andant01.png.transform/1col/image.png,,11.0,11,5.0,,,,0 days 00:00:48.016000,Finished,0.0,4,1022.0,1021.0,5,86,0
23,A ALBON,ALB,albon,Williams,64C4FF,williams,Alexander,Albon,Alexander Albon,https://media.formula1.com/d_driver_fallback_image.png/content/dam/fom-website/drivers/A/ALEALB01_Alexander_Albon/alealb01.png.transform/1col/image.png,,12.0,12,15.0,,,,0 days 00:00:48.839000,Finished,0.0,4,1169.0,1160.0,7,19,0
6,I HADJAR,HAD,hadjar,Racing Bulls,6692FF,rb,Isack,Hadjar,Isack Hadjar,https://media.formula1.com/d_driver_fallback_image.png/content/dam/fom-website/drivers/I/ISAHAD01_Isack_Hadjar/isahad01.png.transform/1col/image.png,,13.0,13,12.0,,,,0 days 00:00:56.314000,Finished,0.0,4,1009.0,1008.0,14,4,0
7,J DOOHAN,DOO,doohan,Alpine,0093CC,alpine,Jack,Doohan,Jack Doohan,https://media.formula1.com/d_driver_fallback_image.png/content/dam/fom-website/drivers/J/JACDOO01_Jack_Doohan/jacdoo01.png.transform/1col/image.png,,14.0,14,11.0,,,,0 days 00:00:57.806000,Finished,0.0,4,978.0,973.0,20,6,0
14,F ALONSO,ALO,alonso,Aston Martin,229971,aston_martin,Fernando,Alonso,Fernando Alonso,https://media.formula1.com/d_driver_fallback_image.png/content/dam/fom-website/drivers/F/FERALO01_Fernando_Alonso/feralo01.png.transform/1col/image.png,,15.0,15,13.0,,,,0 days 00:01:00.340000,Finished,0.0,4,1180.0,1169.0,19,10,0
30,L LAWSON,LAW,lawson,Racing Bulls,6692FF,rb,Liam,Lawson,Liam Lawson,https://media.formula1.com/d_driver_fallback_image.png/content/dam/fom-website/drivers/L/LIALAW01_Liam_Lawson/lialaw01.png.transform/1col/image.png,,16.0,16,17.0,,,,0 days 00:01:04.435000,Finished,0.0,4,962.0,954.0,17,4,0
18,L STROLL,STR,stroll,Aston Martin,229971,aston_martin,Lance,Stroll,Lance Stroll,https://media.formula1.com/d_driver_fallback_image.png/content/dam/fom-website/drivers/L/LANSTR01_Lance_Stroll/lanstr01.png.transform/1col/image.png,,17.0,17,19.0,,,,0 days 00:01:05.489000,Finished,0.0,4,975.0,966.0,10,10,0
5,G BORTOLETO,BOR,bortoleto,Kick Sauber,52E252,sauber,Gabriel,Bortoleto,Gabriel Bortoleto,https://media.formula1.com/d_driver_fallback_image.png/content/dam/fom-website/drivers/G/GABBOR01_Gabriel_Bortoleto/gabbor01.png.transform/1col/image.png,,18.0,18,18.0,,,,0 days 00:01:06.872000,Finished,0.0,4,985.0,973.0,18,6,0
55,C SAINZ,SAI,sainz,Williams,64C4FF,williams,Carlos,Sainz,Carlos Sainz,https://media.formula1.com/d_driver_fallback_image.png/content/dam/fom-website/drivers/C/CARSAI01_Carlos_Sainz/carsai01.png.transform/1col/image.png,,19.0,R,8.0,,,,,Retired,0.0,4,1055.0,1055.0,16,19,0
27,N HULKENBERG,HUL,hulkenberg,Kick Sauber,52E252,sauber,Nico,Hulkenberg,Nico Hulkenberg,https://media.formula1.com/d_driver_fallback_image.png/content/dam/fom-website/drivers/N/NICHUL01_Nico_Hulkenberg/nichul01.png.transform/1col/image.png,,20.0,D,16.0,,,,,Disqualified,0.0,4,1042.0,1042.0,11,6,0
81,O PIASTRI,PIA,piastri,McLaren,FF8000,mclaren,Oscar,Piastri,Oscar Piastri,https://media.formula1.com/d_driver_fallback_image.png/content/dam/fom-website/drivers/O/OSCPIA01_Oscar_Piastri/oscpia01.png.transform/1col/image.png,,1.0,1,2.0,,,,0 days 01:21:06.758000,Finished,25.0,5,1056.0,1074.0,1,180,0
1,M VERSTAPPEN,VER,max_verstappen,Red Bull Racing,3671C6,red_bull,Max,Verstappen,Max Verstappen,https://media.formula1.com/d_driver_fallback_image.png/content/dam/fom-website/drivers/M/MAXVER01_Max_Verstappen/maxver01.png.transform/1col/image.png,,2.0,2,1.0,,,,0 days 00:00:02.843000,Finished,18.0,5,1344.0,1348.0,3,83,0
16,C LECLERC,LEC,leclerc,Ferrari,E80020,ferrari,Charles,Leclerc,Charles Leclerc,https://media.formula1.com/d_driver_fallback_image.png/content/dam/fom-website/drivers/C/CHALEC01_Charles_Leclerc/chalec01.png.transform/1col/image.png,,3.0,3,4.0,,,,0 days 00:00:08.104000,Finished,15.0,5,1158.0,1168.0,5,66,0
4,L NORRIS,NOR,norris,McLaren,FF8000,mclaren,Lando,Norris,Lando Norris,https://media.formula1.com/d_driver_fallback_image.png/content/dam/fom-website/drivers/L/LANNOR01_Lando_Norris/lannor01.png.transform/1col/image.png,,4.0,4,10.0,,,,0 days 00:00:09.196000,Finished,12.0,5,1164.0,1166.0,2,180,0
63,G RUSSELL,RUS,russell,Mercedes,27F4D2,mercedes,George,Russell,George Russell,https://media.formula1.com/d_driver_fallback_image.png/content/dam/fom-website/drivers/G/GEORUS01_George_Russell/georus01.png.transform/1col/image.png,,5.0,5,3.0,,,,0 days 00:00:27.236000,Finished,10.0,5,1238.0,1241.0,4,104,0
12,K ANTONELLI,ANT,antonelli,Mercedes,27F4D2,mercedes,Kimi,Antonelli,Kimi Antonelli,https://media.formula1.com/d_driver_fallback_image.png/content/dam/fom-website/drivers/A/ANDANT01_Andrea%20Kimi_Antonelli/andant01.png.transform/1col/image.png,,6.0,6,5.0,,,,0 days 00:00:34.688000,Finished,8.0,5,1021.0,1028.0,6,104,0
44,L HAMILTON,HAM,hamilton,Ferrari,E80020,ferrari,Lewis,Hamilton,Lewis Hamilton,https://media.formula1.com/d_driver_fallback_image.png/content/dam/fom-website/drivers/L/LEWHAM01_Lewis_Hamilton/lewham01.png.transform/1col/image.png,,7.0,7,7.0,,,,0 days 00:00:39.073000,Finished,6.0,5,1156.0,1155.0,7,66,0
55,C SAINZ,SAI,sainz,Williams,64C4FF,williams,Carlos,Sainz,Carlos Sainz,https://media.formula1.com/d_driver_fallback_image.png/content/dam/fom-website/drivers/C/CARSAI01_Carlos_Sainz/carsai01.png.transform/1col/image.png,,8.0,8,6.0,,,,0 days 00:01:04.630000,Finished,4.0,5,1055.0,1061.0,14,25,0
23,A ALBON,ALB,albon,Williams,64C4FF,williams,Alexander,Albon,Alexander Albon,https://media.formula1.com/d_driver_fallback_image.png/content/dam/fom-website/drivers/A/ALEALB01_Alexander_Albon/alealb01.png.transform/1col/image.png,,9.0,9,11.0,,,,0 days 00:01:06.515000,Finished,2.0,5,1160.0,1155.0,8,25,0
6,I HADJAR,HAD,hadjar,Racing Bulls,6692FF,rb,Isack,Hadjar,Isack Hadjar,https://media.formula1.com/d_driver_fallback_image.png/content/dam/fom-website/drivers/I/ISAHAD01_Isack_Hadjar/isahad01.png.transform/1col/image.png,,10.0,10,14.0,,,,0 days 00:01:07.091000,Finished,1.0,5,1008.0,1012.0,15,5,0
14,F ALONSO,ALO,alonso,Aston Martin,229971,aston_martin,Fernando,Alonso,Fernando Alonso,https://media.formula1.com/d_driver_fallback_image.png/content/dam/fom-website/drivers/F/FERALO01_Fernando_Alonso/feralo01.png.transform/1col/image.png,,11.0,11,13.0,,,,0 days 00:01:15.917000,Finished,0.0,5,1169.0,1164.0,19,10,0
30,L LAWSON,LAW,lawson,Racing Bulls,6692FF,rb,Liam,Lawson,Liam Lawson,https://media.formula1.com/d_driver_fallback_image.png/content/dam/fom-website/drivers/L/LIALAW01_Liam_Lawson/lialaw01.png.transform/1col/image.png,,12.0,12,12.0,,,,0 days 00:01:18.451000,Finished,0.0,5,954.0,953.0,17,5,0
87,O BEARMAN,BEA,bearman,Haas F1 Team,B6BABD,haas,Oliver,Bearman,Oliver Bearman,https://media.formula1.com/d_driver_fallback_image.png/content/dam/fom-website/drivers/O/OLIBEA01_Oliver_Bearman/olibea01.png.transform/1col/image.png,,13.0,13,15.0,,,,0 days 00:01:19.194000,Finished,0.0,5,994.0,994.0,13,20,0
31,E OCON,OCO,ocon,Haas F1 Team,B6BABD,haas,Esteban,Ocon,Esteban Ocon,https://media.formula1.com/d_driver_fallback_image.png/content/dam/fom-website/drivers/E/ESTOCO01_Esteban_Ocon/estoco01.png.transform/1col/image.png,,14.0,14,19.0,,,,0 days 00:01:39.723000,Finished,0.0,5,1003.0,996.0,9,20,0
27,N HULKENBERG,HUL,hulkenberg,Kick Sauber,52E252,sauber,Nico,Hulkenberg,Nico Hulkenberg,https://media.formula1.com/d_driver_fallback_image.png/content/dam/fom-website/drivers/N/NICHUL01_Nico_Hulkenberg/nichul01.png.transform/1col/image.png,,15.0,15,18.0,,,,0 days 00:00:04.609000,Lapped,0.0,5,1042.0,1036.0,11,6,0
18,L STROLL,STR,stroll,Aston Martin,229971,aston_martin,Lance,Stroll,Lance Stroll,https://media.formula1.com/d_driver_fallback_image.png/content/dam/fom-website/drivers/L/LANSTR01_Lance_Stroll/lanstr01.png.transform/1col/image.png,,16.0,16,16.0,,,,0 days 00:00:05.527000,Lapped,0.0,5,966.0,959.0,10,10,0
7,J DOOHAN,DOO,doohan,Alpine,0093CC,alpine,Jack,Doohan,Jack Doohan,https://media.formula1.com/d_driver_fallback_image.png/content/dam/fom-website/drivers/J/JACDOO01_Jack_Doohan/jacdoo01.png.transform/1col/image.png,,17.0,17,17.0,,,,0 days 00:00:19.264000,Lapped,0.0,5,973.0,963.0,20,6,0
5,G BORTOLETO,BOR,bortoleto,Kick Sauber,52E252,sauber,Gabriel,Bortoleto,Gabriel Bortoleto,https://media.formula1.com/d_driver_fallback_image.png/content/dam/fom-website/drivers/G/GABBOR01_Gabriel_Bortoleto/gabbor01.png.transform/1col/image.png,,18.0,18,20.0,,,,0 days 00:00:19.306000,Lapped,0.0,5,973.0,961.0,18,6,0
22,Y TSUNODA,TSU,tsunoda,Red Bull Racing,3671C6,red_bull,Yuki,Tsunoda,Yuki Tsunoda,https://media.formula1.com/d_driver_fallback_image.png/content/dam/fom-website/drivers/Y/YUKTSU01_Yuki_Tsunoda/yuktsu01.png.transform/1col/image.png,,19.0,R,8.0,,,,,Retired,0.0,5,1021.0,1021.0,16,83,0
10,P GASLY,GAS,gasly,Alpine,0093CC,alpine,Pierre,Gasly,Pierre Gasly,https://media.formula1.com/d_driver_fallback_image.png/content/dam/fom-website/drivers/P/PIEGAS01_Pierre_Gasly/piegas01.png.transform/1col/image.png,,20.0,R,9.0,,,,,Retired,0.0,5,1072.0,1072.0,12,6,0
81,O PIASTRI,PIA,piastri,McLaren,FF8000,mclaren,Oscar,Piastri,Oscar Piastri,https://media.formula1.com/d_driver_fallback_image.png/content/dam/fom-website/drivers/O/OSCPIA01_Oscar_Piastri/oscpia01.png.transform/1col/image.png,,1.0,1,4.0,,,,0 days 01:28:51.587000,Finished,25.0,6,1074.0,1092.0,1,223,0
4,L NORRIS,NOR,norris,McLaren,FF8000,mclaren,Lando,Norris,Lando Norris,https://media.formula1.com/d_driver_fallback_image.png/content/dam/fom-website/drivers/L/LANNOR01_Lando_Norris/lannor01.png.transform/1col/image.png,,2.0,2,2.0,,,,0 days 00:00:04.630000,Finished,18.0,6,1166.0,1172.0,2,223,0
63,G RUSSELL,RUS,russell,Mercedes,27F4D2,mercedes,George,Russell,George Russell,https://media.formula1.com/d_driver_fallback_image.png/content/dam/fom-website/drivers/G/GEORUS01_George_Russell/georus01.png.transform/1col/image.png,,3.0,3,5.0,,,,0 days 00:00:37.644000,Finished,15.0,6,1241.0,1247.0,4,127,0
1,M VERSTAPPEN,VER,max_verstappen,Red Bull Racing,3671C6,red_bull,Max,Verstappen,Max Verstappen,https://media.formula1.com/d_driver_fallback_image.png/content/dam/fom-website/drivers/M/MAXVER01_Max_Verstappen/maxver01.png.transform/1col/image.png,,4.0,4,1.0,,,,0 days 00:00:39.956000,Finished,12.0,6,1348.0,1348.0,3,96,0
23,A ALBON,ALB,albon,Williams,64C4FF,williams,Alexander,Albon,Alexander Albon,https://media.formula1.com/d_driver_fallback_image.png/content/dam/fom-website/drivers/A/ALEALB01_Alexander_Albon/alealb01.png.transform/1col/image.png,,5.0,5,7.0,,,,0 days 00:00:48.067000,Finished,10.0,6,1155.0,1161.0,7,37,0
12,K ANTONELLI,ANT,antonelli,Mercedes,27F4D2,mercedes,Kimi,Antonelli,Kimi Antonelli,https://media.formula1.com/d_driver_fallback_image.png/content/dam/fom-website/drivers/A/ANDANT01_Andrea%20Kimi_Antonelli/andant01.png.transform/1col/image.png,,6.0,6,3.0,,,,0 days 00:00:55.502000,Finished,8.0,6,1028.0,1034.0,6,127,0
16,C LECLERC,LEC,leclerc,Ferrari,E80020,ferrari,Charles,Leclerc,Charles Leclerc,https://media.formula1.com/d_driver_fallback_image.png/content/dam/fom-website/drivers/C/CHALEC01_Charles_Leclerc/chalec01.png.transform/1col/image.png,,7.0,7,8.0,,,,0 days 00:00:57.036000,Finished,6.0,6,1168.0,1171.0,5,76,0
44,L HAMILTON,HAM,hamilton,Ferrari,E80020,ferrari,Lewis,Hamilton,Lewis Hamilton,https://media.formula1.com/d_driver_fallback_image.png/content/dam/fom-website/drivers/L/LEWHAM01_Lewis_Hamilton/lewham01.png.transform/1col/image.png,,8.0,8,12.0,,,,0 days 00:01:00.186000,Finished,4.0,6,1155.0,1151.0,8,76,0
55,C SAINZ,SAI,sainz,Williams,64C4FF,williams,Carlos,Sainz,Carlos Sainz,https://media.formula1.com/d_driver_fallback_image.png/content/dam/fom-website/drivers/C/CARSAI01_Carlos_Sainz/carsai01.png.transform/1col/image.png,,9.0,9,6.0,,,,0 days 00:01:00.577000,Finished,2.0,6,1061.0,1060.0,11,37,0
22,Y TSUNODA,TSU,tsunoda,Red Bull Racing,3671C6,red_bull,Yuki,Tsunoda,Yuki Tsunoda,https://media.formula1.com/d_driver_fallback_image.png/content/dam/fom-website/drivers/Y/YUKTSU01_Yuki_Tsunoda/yuktsu01.png.transform/1col/image.png,,10.0,10,10.0,,,,0 days 00:01:14.434000,Finished,1.0,6,1021.0,1021.0,16,96,0
6,I HADJAR,HAD,hadjar,Racing Bulls,6692FF,rb,Isack,Hadjar,Isack Hadjar,https://media.formula1.com/d_driver_fallback_image.png/content/dam/fom-website/drivers/I/ISAHAD01_Isack_Hadjar/isahad01.png.transform/1col/image.png,,11.0,11,11.0,,,,0 days 00:01:14.602000,Finished,0.0,6,1012.0,1011.0,15,5,0
31,E OCON,OCO,ocon,Haas F1 Team,B6BABD,haas,Esteban,Ocon,Esteban Ocon,https://media.formula1.com/d_driver_fallback_image.png/content/dam/fom-website/drivers/E/ESTOCO01_Esteban_Ocon/estoco01.png.transform/1col/image.png,,12.0,12,9.0,,,,0 days 00:01:22.006000,Finished,0.0,6,996.0,993.0,9,20,0
10,P GASLY,GAS,gasly,Alpine,0093CC,alpine,Pierre,Gasly,Pierre Gasly,https://media.formula1.com/d_driver_fallback_image.png/content/dam/fom-website/drivers/P/PIEGAS01_Pierre_Gasly/piegas01.png.transform/1col/image.png,,13.0,13,20.0,,,,0 days 00:01:30.445000,Finished,0.0,6,1072.0,1064.0,13,6,0
27,N HULKENBERG,HUL,hulkenberg,Kick Sauber,52E252,sauber,Nico,Hulkenberg,Nico Hulkenberg,https://media.formula1.com/d_driver_fallback_image.png/content/dam/fom-website/drivers/N/NICHUL01_Nico_Hulkenberg/nichul01.png.transform/1col/image.png,,14.0,14,16.0,,,,0 days 00:00:01.155000,Lapped,0.0,6,1036.0,1027.0,12,6,0
14,F ALONSO,ALO,alonso,Aston Martin,229971,aston_martin,Fernando,Alonso,Fernando Alonso,https://media.formula1.com/d_driver_fallback_image.png/content/dam/fom-website/drivers/F/FERALO01_Fernando_Alonso/feralo01.png.transform/1col/image.png,,15.0,15,17.0,,,,0 days 00:00:20.979000,Lapped,0.0,6,1164.0,1151.0,19,10,0
18,L STROLL,STR,stroll,Aston Martin,229971,aston_martin,Lance,Stroll,Lance Stroll,https://media.formula1.com/d_driver_fallback_image.png/content/dam/fom-website/drivers/L/LANSTR01_Lance_Stroll/lanstr01.png.transform/1col/image.png,,16.0,16,18.0,,,,0 days 00:00:25.162000,Lapped,0.0,6,959.0,950.0,10,10,0
30,L LAWSON,LAW,lawson,Racing Bulls,6692FF,rb,Liam,Lawson,Liam Lawson,https://media.formula1.com/d_driver_fallback_image.png/content/dam/fom-website/drivers/L/LIALAW01_Liam_Lawson/lialaw01.png.transform/1col/image.png,,17.0,R,15.0,,,,,Retired,0.0,6,953.0,953.0,17,5,0
5,G BORTOLETO,BOR,bortoleto,Kick Sauber,52E252,sauber,Gabriel,Bortoleto,Gabriel Bortoleto,https://media.formula1.com/d_driver_fallback_image.png/content/dam/fom-website/drivers/G/GABBOR01_Gabriel_Bortoleto/gabbor01.png.transform/1col/image.png,,18.0,R,13.0,,,,,Retired,0.0,6,961.0,961.0,18,6,0
87,O BEARMAN,BEA,bearman,Haas F1 Team,B6BABD,haas,Oliver,Bearman,Oliver Bearman,https://media.formula1.com/d_driver_fallback_image.png/content/dam/fom-website/drivers/O/OLIBEA01_Oliver_Bearman/olibea01.png.transform/1col/image.png,,19.0,R,19.0,,,,,Retired,0.0,6,994.0,994.0,14,20,0
7,J DOOHAN,DOO,doohan,Alpine,0093CC,alpine,Jack,Doohan,Jack Doohan,https://media.formula1.com/d_driver_fallback_image.png/content/dam/fom-website/drivers/J/JACDOO01_Jack_Doohan/jacdoo01.png.transform/1col/image.png,,20.0,R,14.0,,,,,Retired,0.0,6,963.0,963.0,20,6,0
1,M VERSTAPPEN,VER,max_verstappen,Red Bull Racing,3671C6,red_bull,Max,Verstappen,Max Verstappen,https://media.formula1.com/d_driver_fallback_image.png/content/dam/fom-website/drivers/M/MAXVER01_Max_Verstappen/maxver01.png.transform/1col/image.png,,1.0,1,2.0,,,,0 days 01:31:33.199000,Finished,25.0,7,1348.0,1354.0,3,122,0
4,L NORRIS,NOR,norris,McLaren,FF8000,mclaren,Lando,Norris,Lando Norris,https://media.formula1.com/d_driver_fallback_image.png/content/dam/fom-website/drivers/L/LANNOR01_Lando_Norris/lannor01.png.transform/1col/image.png,,2.0,2,4.0,,,,0 days 00:00:06.109000,Finished,18.0,7,1172.0,1183.0,2,256,0
81,O PIASTRI,PIA,piastri,McLaren,FF8000,mclaren,Oscar,Piastri,Oscar Piastri,https://media.formula1.com/d_driver_fallback_image.png/content/dam/fom-website/drivers/O/OSCPIA01_Oscar_Piastri/oscpia01.png.transform/1col/image.png,,3.0,3,1.0,,,,0 days 00:00:12.956000,Finished,15.0,7,1092.0,1100.0,1,256,0
44,L HAMILTON,HAM,hamilton,Ferrari,E80020,ferrari,Lewis,Hamilton,Lewis Hamilton,https://media.formula1.com/d_driver_fallback_image.png/content/dam/fom-website/drivers/L/LEWHAM01_Lewis_Hamilton/lewham01.png.transform/1col/image.png,,4.0,4,12.0,,,,0 days 00:00:14.356000,Finished,12.0,7,1151.0,1160.0,8,96,0
23,A ALBON,ALB,albon,Williams,64C4FF,williams,Alexander,Albon,Alexander Albon,https://media.formula1.com/d_driver_fallback_image.png/content/dam/fom-website/drivers/A/ALEALB01_Alexander_Albon/alealb01.png.transform/1col/image.png,,5.0,5,7.0,,,,0 days 00:00:17.945000,Finished,10.0,7,1161.0,1167.0,7,51,0
16,C LECLERC,LEC,leclerc,Ferrari,E80020,ferrari,Charles,Leclerc,Charles Leclerc,https://media.formula1.com/d_driver_fallback_image.png/content/dam/fom-website/drivers/C/CHALEC01_Charles_Leclerc/chalec01.png.transform/1col/image.png,,6.0,6,11.0,,,,0 days 00:00:20.774000,Finished,8.0,7,1171.0,1171.0,5,96,0
63,G RUSSELL,RUS,russell,Mercedes,27F4D2,mercedes,George,Russell,George Russell,https://media.formula1.com/d_driver_fallback_image.png/content/dam/fom-website/drivers/G/GEORUS01_George_Russell/georus01.png.transform/1col/image.png,,7.0,7,3.0,,,,0 days 00:00:22.034000,Finished,6.0,7,1247.0,1245.0,4,133,0
55,C SAINZ,SAI,sainz,Williams,64C4FF,williams,Carlos,Sainz,Carlos Sainz,https://media.formula1.com/d_driver_fallback_image.png/content/dam/fom-website/drivers/C/CARSAI01_Carlos_Sainz/carsai01.png.transform/1col/image.png,,8.0,8,6.0,,,,0 days 00:00:22.898000,Finished,4.0,7,1060.0,1062.0,10,51,0
6,I HADJAR,HAD,hadjar,Racing Bulls,6692FF,rb,Isack,Hadjar,Isack Hadjar,https://media.formula1.com/d_driver_fallback_image.png/content/dam/fom-website/drivers/I/ISAHAD01_Isack_Hadjar/isahad01.png.transform/1col/image.png,,9.0,9,9.0,,,,0 days 00:00:23.586000,Finished,2.0,7,1011.0,1017.0,12,7,0
22,Y TSUNODA,TSU,tsunoda,Red Bull Racing,3671C6,red_bull,Yuki,Tsunoda,Yuki Tsunoda,https://media.formula1.com/d_driver_fallback_image.png/content/dam/fom-website/drivers/Y/YUKTSU01_Yuki_Tsunoda/yuktsu01.png.transform/1col/image.png,,10.0,10,20.0,,,,0 days 00:00:26.446000,Finished,1.0,7,1021.0,1022.0,16,122,0
14,F ALONSO,ALO,alonso,Aston Martin,229971,aston_martin,Fernando,Alonso,Fernando Alonso,https://media.formula1.com/d_driver_fallback_image.png/content/dam/fom-website/drivers/F/FERALO01_Fernando_Alonso/feralo01.png.transform/1col/image.png,,11.0,11,5.0,,,,0 days 00:00:27.250000,Finished,0.0,7,1151.0,1147.0,19,10,0
27,N HULKENBERG,HUL,hulkenberg,Kick Sauber,52E252,sauber,Nico,Hulkenberg,Nico Hulkenberg,https://media.formula1.com/d_driver_fallback_image.png/content/dam/fom-website/drivers/N/NICHUL01_Nico_Hulkenberg/nichul01.png.transform/1col/image.png,,12.0,12,17.0,,,,0 days 00:00:30.296000,Finished,0.0,7,1027.0,1027.0,13,6,0
10,P GASLY,GAS,gasly,Alpine,0093CC,alpine,Pierre,Gasly,Pierre Gasly,https://media.formula1.com/d_driver_fallback_image.png/content/dam/fom-website/drivers/P/PIEGAS01_Pierre_Gasly/piegas01.png.transform/1col/image.png,,13.0,13,10.0,,,,0 days 00:00:31.424000,Finished,0.0,7,1064.0,1061.0,14,6,0
30,L LAWSON,LAW,lawson,Racing Bulls,6692FF,rb,Liam,Lawson,Liam Lawson,https://media.formula1.com/d_driver_fallback_image.png/content/dam/fom-website/drivers/L/LIALAW01_Liam_Lawson/lialaw01.png.transform/1col/image.png,,14.0,14,15.0,,,,0 days 00:00:32.511000,Finished,0.0,7,953.0,949.0,17,7,0
18,L STROLL,STR,stroll,Aston Martin,229971,aston_martin,Lance,Stroll,Lance Stroll,https://media.formula1.com/d_driver_fallback_image.png/content/dam/fom-website/drivers/L/LANSTR01_Lance_Stroll/lanstr01.png.transform/1col/image.png,,15.0,15,8.0,,,,0 days 00:00:32.993000,Finished,0.0,7,950.0,945.0,11,10,0
43,F COLAPINTO,COL,colapinto,Alpine,0093CC,alpine,Franco,Colapinto,Franco Colapinto,,,16.0,16,16.0,,,,0 days 00:00:33.411000,Finished,0.0,7,1009.0,999.0,21,6,0
87,O BEARMAN,BEA,bearman,Haas F1 Team,B6BABD,haas,Oliver,Bearman,Oliver Bearman,https://media.formula1.com/d_driver_fallback_image.png/content/dam/fom-website/drivers/O/OLIBEA01_Oliver_Bearman/olibea01.png.transform/1col/image.png,,17.0,17,19.0,,,,0 days 00:00:33.808000,Finished,0.0,7,994.0,984.0,15,20,0
5,G BORTOLETO,BOR,bortoleto,Kick Sauber,52E252,sauber,Gabriel,Bortoleto,Gabriel Bortoleto,https://media.formula1.com/d_driver_fallback_image.png/content/dam/fom-website/drivers/G/GABBOR01_Gabriel_Bortoleto/gabbor01.png.transform/1col/image.png,,18.0,18,14.0,,,,0 days 00:00:38.572000,Finished,0.0,7,961.0,950.0,18,6,0
12,K ANTONELLI,ANT,antonelli,Mercedes,27F4D2,mercedes,Kimi,Antonelli,Kimi Antonelli,https://media.formula1.com/d_driver_fallback_image.png/content/dam/fom-website/drivers/A/ANDANT01_Andrea%20Kimi_Antonelli/andant01.png.transform/1col/image.png,,19.0,R,13.0,,,,,Retired,0.0,7,1034.0,1034.0,6,133,0
31,E OCON,OCO,ocon,Haas F1 Team,B6BABD,haas,Esteban,Ocon,Esteban Ocon,https://media.formula1.com/d_driver_fallback_image.png/content/dam/fom-website/drivers/E/ESTOCO01_Esteban_Ocon/estoco01.png.transform/1col/image.png,,20.0,R,18.0,,,,,Retired,0.0,7,993.0,993.0,9,20,0
4,L NORRIS,NOR,norris,McLaren,F47600,mclaren,Lando,Norris,Lando Norris,https://media.formula1.com/d_driver_fallback_image.png/content/dam/fom-website/drivers/L/LANNOR01_Lando_Norris/lannor01.png.transform/1col/image.png,,1.0,1,1.0,,,,0 days 01:40:33.843000,Finished,25.0,8,1183.0,1194.0,1,296,0
16,C LECLERC,LEC,leclerc,Ferrari,ED1131,ferrari,Charles,Leclerc,Charles Leclerc,https://media.formula1.com/d_driver_fallback_image.png/content/dam/fom-website/drivers/C/CHALEC01_Charles_Leclerc/chalec01.png.transform/1col/image.png,,2.0,2,2.0,,,,0 days 00:00:03.131000,Finished,18.0,8,1171.0,1182.0,5,124,0
81,O PIASTRI,PIA,piastri,McLaren,F47600,mclaren,Oscar,Piastri,Oscar Piastri,https://media.formula1.com/d_driver_fallback_image.png/content/dam/fom-website/drivers/O/OSCPIA01_Oscar_Piastri/oscpia01.png.transform/1col/image.png,,3.0,3,3.0,,,,0 days 00:00:03.658000,Finished,15.0,8,1100.0,1108.0,2,296,0
1,M VERSTAPPEN,VER,max_verstappen,Red Bull Racing,4781D7,red_bull,Max,Verstappen,Max Verstappen,https://media.formula1.com/d_driver_fallback_image.png/content/dam/fom-website/drivers/M/MAXVER01_Max_Verstappen/maxver01.png.transform/1col/image.png,,4.0,4,4.0,,,,0 days 00:00:20.572000,Finished,12.0,8,1354.0,1354.0,3,134,0
44,L HAMILTON,HAM,hamilton,Ferrari,ED1131,ferrari,Lewis,Hamilton,Lewis Hamilton,https://media.formula1.com/d_driver_fallback_image.png/content/dam/fom-website/drivers/L/LEWHAM01_Lewis_Hamilton/lewham01.png.transform/1col/image.png,,5.0,5,7.0,,,,0 days 00:00:51.387000,Finished,10.0,8,1160.0,1162.0,6,124,0
6,I HADJAR,HAD,hadjar,Racing Bulls,6C98FF,rb,Isack,Hadjar,Isack Hadjar,https://media.formula1.com/d_driver_fallback_image.png/content/dam/fom-website/drivers/I/ISAHAD01_Isack_Hadjar/isahad01.png.transform/1col/image.png,,6.0,6,5.0,,,,0 days 00:01:05.082000,Lapped,8.0,8,1017.0,1027.0,10,19,0
31,E OCON,OCO,ocon,Haas F1 Team,9C9FA2,haas,Esteban,Ocon,Esteban Ocon,https://media.formula1.com/d_driver_fallback_image.png/content/dam/fom-website/drivers/E/ESTOCO01_Esteban_Ocon/estoco01.png.transform/1col/image.png,,7.0,7,8.0,,,,0 days 00:01:06.029000,Lapped,6.0,8,993.0,1002.0,9,26,0
30,L LAWSON,LAW,lawson,Racing Bulls,6C98FF,rb,Liam,Lawson,Liam Lawson,https://media.formula1.com/d_driver_fallback_image.png/content/dam/fom-website/drivers/L/LIALAW01_Liam_Lawson/lialaw01.png.transform/1col/image.png,,8.0,8,9.0,,,,0 days 00:01:06.746000,Lapped,4.0,8,949.0,954.0,17,19,0
23,A ALBON,ALB,albon,Williams,1868DB,williams,Alexander,Albon,Alexander Albon,https://media.formula1.com/d_driver_fallback_image.png/content/dam/fom-website/drivers/A/ALEALB01_Alexander_Albon/alealb01.png.transform/1col/image.png,,9.0,9,10.0,,,,0 days 00:00:11.869000,Lapped,2.0,8,1167.0,1166.0,8,54,0
55,C SAINZ,SAI,sainz,Williams,1868DB,williams,Carlos,Sainz,Carlos Sainz,https://media.formula1.com/d_driver_fallback_image.png/content/dam/fom-website/drivers/C/CARSAI01_Carlos_Sainz/carsai01.png.transform/1col/image.png,,10.0,10,11.0,,,,0 days 00:00:15.232000,Lapped,1.0,8,1062.0,1060.0,11,54,0
63,G RUSSELL,RUS,russell,Mercedes,00D7B6,mercedes,George,Russell,George Russell,https://media.formula1.com/d_driver_fallback_image.png/content/dam/fom-website/drivers/G/GEORUS01_George_Russell/georus01.png.transform/1col/image.png,,11.0,11,14.0,,,,0 days 00:00:33.844000,Lapped,0.0,8,1245.0,1238.0,4,133,0
87,O BEARMAN,BEA,bearman,Haas F1 Team,9C9FA2,haas,Oliver,Bearman,Oliver Bearman,https://media.formula1.com/d_driver_fallback_image.png/content/dam/fom-website/drivers/O/OLIBEA01_Oliver_Bearman/olibea01.png.transform/1col/image.png,,12.0,12,20.0,,,,0 days 00:00:54.693000,Lapped,0.0,8,984.0,981.0,15,26,0
43,F COLAPINTO,COL,colapinto,Alpine,00A1E8,alpine,Franco,Colapinto,Franco Colapinto,,,13.0,13,18.0,,,,0 days 00:00:57.114000,Lapped,0.0,8,999.0,996.0,21,6,0
5,G BORTOLETO,BOR,bortoleto,Kick Sauber,01C00E,sauber,Gabriel,Bortoleto,Gabriel Bortoleto,https://media.formula1.com/d_driver_fallback_image.png/content/dam/fom-website/drivers/G/GABBOR01_Gabriel_Bortoleto/gabbor01.png.transform/1col/image.png,,14.0,14,16.0,,,,0 days 00:01:08.424000,Lapped,0.0,8,950.0,950.0,18,6,0
18,L STROLL,STR,stroll,Aston Martin,229971,aston_martin,Lance,Stroll,Lance Stroll,https://media.formula1.com/d_driver_fallback_image.png/content/dam/fom-website/drivers/L/LANSTR01_Lance_Stroll/lanstr01.png.transform/1col/image.png,,15.0,15,19.0,,,,0 days 00:01:10.395000,Lapped,0.0,8,945.0,940.0,12,10,0
27,N HULKENBERG,HUL,hulkenberg,Kick Sauber,01C00E,sauber,Nico,Hulkenberg,Nico Hulkenberg,https://media.formula1.com/d_driver_fallback_image.png/content/dam/fom-website/drivers/N/NICHUL01_Nico_Hulkenberg/nichul01.png.transform/1col/image.png,,16.0,16,13.0,,,,0 days 00:01:11.544000,Lapped,0.0,8,1027.0,1015.0,13,6,0
22,Y TSUNODA,TSU,tsunoda,Red Bull Racing,4781D7,red_bull,Yuki,Tsunoda,Yuki Tsunoda,https://media.formula1.com/d_driver_fallback_image.png/content/dam/fom-website/drivers/Y/YUKTSU01_Yuki_Tsunoda/yuktsu01.png.transform/1col/image.png,,17.0,17,12.0,,,,0 days 00:01:11.849000,Lapped,0.0,8,1022.0,1011.0,16,134,0
12,K ANTONELLI,ANT,antonelli,Mercedes,00D7B6,mercedes,Kimi,Antonelli,Kimi Antonelli,https://media.formula1.com/d_driver_fallback_image.png/content/dam/fom-website/drivers/A/ANDANT01_Andrea%20Kimi_Antonelli/andant01.png.transform/1col/image.png,,18.0,18,15.0,,,,0 days 00:00:08.409000,Lapped,0.0,8,1034.0,1021.0,7,133,0
14,F ALONSO,ALO,alonso,Aston Martin,229971,aston_martin,Fernando,Alonso,Fernando Alonso,https://media.formula1.com/d_driver_fallback_image.png/content/dam/fom-website/drivers/F/FERALO01_Fernando_Alonso/feralo01.png.transform/1col/image.png,,19.0,R,6.0,,,,,Retired,0.0,8,1147.0,1147.0,19,10,0
10,P GASLY,GAS,gasly,Alpine,00A1E8,alpine,Pierre,Gasly,Pierre Gasly,https://media.formula1.com/d_driver_fallback_image.png/content/dam/fom-website/drivers/P/PIEGAS01_Pierre_Gasly/piegas01.png.transform/1col/image.png,,20.0,R,17.0,,,,,Retired,0.0,8,1061.0,1061.0,14,6,0
